0BFG1S3WGN8LWXG6U;7039402
2VPBYW86SZ13PA5H3;14539626
88ASX1RRBEZ3S684B;15221465
2MFS7UUFMPVU2ZVVZ;11716545
LVSY6XXN5KUGX70PP;8067431
VAUSNNCC8GB0LECRK;7203269
XX0D3G3KM6U4YAHHG;12725245
H80U64RBDHXYHEKK5;11615667
4R7E011U2F770YB12;8551950
GENARK4LX7CRR6D10;10862480
N304NWWW8WNEZ2708;7307589
04FDFSZB000FN3DSC;15796289
YNKP14V08U7P3TGD7;13187473
5VCK684P0NFBUA6DP;14801346
E4FKL2UGEU21BYVD6;8448128
LLMN0PP5H1P6LZH0Z;15546729
RPUA5H4H18MDA0R3C;15242049
K7LM8X05U5Z4KRL7R;9404350
GBYFK7KD15LHNTPW5;12616083
MXAXAS4NWMSBNUKGU;6685839
SD8NHSKRZSS4N2Y66;15025274
N6UDULTFMFP3XR65U;15500106
GX8UPEA3X4443AK35;9383136
UVBVN8L3G470WMYGR;5057087
KABGWR0PLVNSWY0ZA;15049268
K22XPG5WZAL0RTCTY;8836844
NRWXDPGG83UCYG6C7;14893949
LHMCPFUT3YC08HY6X;10866724
G25G5PDXL8VVSN70K;12741659
8UL0C0RXRBMKRPW3E;11998884
H8YKEFXUM2LB6DWFP;7729792
4SG6DUBMVLEDBYCG2;9910184
GM1V2L23P8TCB308B;13623524
1DGPC6XBLG2F5L7CG;7062444
3G8DY6W52FZWFBULC;13684405
ZBUWZT78HUVSU30DL;19443063
ZCNZL1K1UBSC5D5C8;3980455
YNUYH04VDLS7TRHXW;12321993
6LVSG4ZULZ642HM0C;12541071
CASLNAV60U7A66G6Y;18771350
E87L4UETC4A2R7PRW;10947649
0F2YAX7FZ3V6XT02G;16256346
LSGT31Z4VD08AAKLW;15687373
F6AXGRFKCE50D42T5;14608709
1VALSE364MXUFFZCC;11948159
YT5KNTR4152T08GGP;10114297
2S1R8E225L3X25333;8171406
30TWLTD71A108ZK26;15421098
XSU67K6HEYC1RHYPW;11080191
2PD57XSRA72A4E2G7;7299295
36UEFNHPDH4LG4B7Z;8391084
KTUR84Z1R4NE2ZAB8;13188017
K8D6P6YB663XF8VGA;15995656
H1V4XY1SSV2GDYR3P;16364653
KPURCTSP7G825BEKG;11507531
R72B5H70WESDV122Z;4632674
2RB8KDMF48BMMDFT4;13669892
LZSBP0E63BVNA2MT1;15463249
4WU427AZ4VWBZRH1V;8128111
DVG4PFALHYF70KFV1;10973760
X0B5BTV4KCG8KU4WF;9473632
277K2S84WVK5CTKBM;7112084
6XGUF6HSERRGYZG85;11674457
BXW1N2PP25T43K6G1;8580727
31G1LYXBB727DR25D;14092104
FZF76NNR0GR3H85LN;12627793
K2GEFR6YN3VN4YCXL;16520288
7KTEYLCPMKK1SVFLV;10690306
DDPLBD8EXZVWN35A2;12589118
DMZNGP8606LGB0NKP;16883603
3G5XN84VN38HG6M78;14122304
VTL0U4KYLSACFC2W0;14669858
B5R067YLWGP672GA3;13056208
ERV8R7LL1X3UVEG28;11291353
3ECWHFGZ5FEXDFP4W;17566714
5SDTS8HTKUA4M4BXF;13502741
M2X656WNW2VX4ERL1;17792073
PB2Y32MKAV8A3S5H2;9695145
EYKE2ENZBR6UVT812;11921083
X8VNUE3THHECBP28U;13199162
2E64BCEMRPDF8E52F;9927170
RBA68KL1DL6LALNY3;6126232
CNBVG1UBPHZ8Z16KX;18560097
SNHZXB4PV8H0UAUDA;7642067
HUWS1RSP383BE72WD;11273749
2APPNG5GKFZ3C87FR;15405010
BGLNK0MKLBXU5BX67;10398688
U70H7D1KLBGP1MD7X;11225544
FKK0B5BY3N5BE1DGY;17271132
N4SDGXZVGDPLEHKG5;9251660
PCRPDYMX477UFYM3G;11735647
S5S2LF2KK6ZC7PW1X;10854906
36PUVHLLVANV688CD;12684183
PN10FBFFR4DYVX0TE;5357047
AHBYK2HCUNN45748T;7807352
S4A70D3T74RE1VCYM;20723309
UXNPCBW7KCPL25DZY;10634011
7EB3UVMW1CWPD4UZ0;8469180
00K8XPAWSE5M2L0YF;11824678
T7CXMAE6GDUP7XCW0;6591936
DR32P4BBA32LZMYA1;20605640
NXVGUX35E02TFBFW4;12579002
G31SKLCR15M3BT10G;6305342
4YK1ZZFUKLTAS11V8;14125444
NR8EHL445XRGPHMUF;9138865
M2632AA8DKNC3462H;8291986
WE3F6MZMUZK1HAHKY;14657853
A2Y8CUL4SS5F8AA5U;6795073
M44P6PLFBNMXPZYHS;7073375
1LUBR5EGKX85S0GAV;12427070
ZKLEZNXU5FYNBALKP;7722688
GPB20Z0D0K1A3Z0TT;9509383
NUL5AFLRWFXRW5B4D;9439360
KCKNTLMMF4AFE2DSU;10501034
4DYCPP0N43E522K2T;17648744
P51GVVXDYWLCFG5TB;16888150
TF3FR3NLPF2LSPA45;9372432
HX4ET0E0M374TFLCN;8935491
764GF8SBE14YNDZL1;7728352
SLWAK61HW32ZA15R1;12612138
VHBFGH2UHU5KDBM60;16117563
461FHKRAVZP84VCW4;14983538
GVGX8D5TG5877PLF0;9059166
888RMMGVNKDXC7VRN;4854297
B1L28TP550CMTGYUR;12816253
S7WZAWWDXEA00ZNWW;10183749
AAAHTNS2FGS50P03A;11625702
DMC6R55BZFARU0EP0;10200609
HVS6XP12Z1M0MNLN3;6971378
7B6GYNYSDAV3UEKR1;13787459
SC4L68TMEYWF11ME8;6327561
PFN5SC52ST1NR85Z2;7520915
EY4Y3R7Y1MAZBT7PT;10923736
EU1TY4MLKFZUTYKXE;8244591
02WLW7NZ272SX3T0D;8991062
65KK2VX6E38333XVC;15379408
1KH1TCZHU51UM4D6M;14146782
65K2H55E0TM7HRE4N;5372038
CX724R5NXXPECGE37;10749772
B52HHV61Z7PHC4RFT;10634510
CH6NEH6NS6NBMY8WS;13095799
F17MBRV6RLBK706NW;12634207
YWG6W17F7H73W3FH7;11632369
2ARGLK4LSKFEAC3WU;7259769
2DHL05NGTL7ZKZ14Y;13042511
5G1P7NS44N6MU14BE;9768610
G74VB5M3T36RLDPWR;13722347
D1G32K0FDGXT47CVB;11592566
SHTC82PZGS5CS78E0;15087167
GRTDM4YS7UGXM16ZT;13825426
TTPN330ZFMEHF41SF;14654074
KZ6A8KUMUP682LK3A;12271292
V8884KDRB1F267VC6;17781133
66Z8HGPKGCM6L8CF8;7707605
FVZMEMXLFGCD1GRDF;7110775
28TXZCUMH6S3HCK4S;12218809
ZG88LGRYB5CWDF0U2;13574996
LCSENWXKTZ33GMGNX;11836124
3NFYZSRHEBHAYZKXD;12204805
SHGBE5D1PE0DNB36K;14645108
1L441RBCRPXWWHMH0;9559537
WE70H8SN6XAYDK20R;10490045
EH108S5PWGZ1E3M5S;9484052
B7MDA6A732S4R03HB;14423767
YY6VHMBBH5HHL5XXU;17422291
EZK2V0HY3MYFL1R0L;9331112
L111W2CPAW4ETVY6H;9169227
XX2RD3YMXSHEDUBKA;11540162
SL45WB85ZHSFG0UNU;13863201
71X5Y0FNCDSHC6MGA;10928573
LAB7EGM8B3RT3BZA3;16638521
KUGPG5GPTAFWR3NAK;6757095
V0EBC40UWUVU5CCN3;11967757
X6LGAP3GPHVABNELC;8848196
B8GE2G7W0SDNS5NXH;10937913
3VP1C4EPFHCAM4PTA;10413124
CMGEA0Z1B240LMRW8;11125709
A227PP4171PVBRD4N;8146457
TDEF0HHL4HGY0400M;9686250
D1A3AYX0YSXV1GMWT;10998328
7BW401TWFZY7G0FSC;9369108
XFVRERDDA5D4V3DC7;15949469
TY8BX1D1D8UX4ZEU7;7645270
VL7R6HBKUKGW57330;13281452
4H5NXAVK8D0166RDX;11610379
3ZCABCT5SERMVYPL6;18020038
ETL76ZUPVY20YG4U7;10931544
U8A5K7S52SBX1L3N5;8365940
CKKM7UPHL8DS3KA82;8018242
FES1PUA58P8TPR5CU;13981435
M10LV5YFRT77RYSGR;13776877
6MG6YER074E78BMSB;14064754
NUN07BPMV4TKLWS5T;14116882
0ZDA30VFTX5KCT6DV;10392284
40H5X7S2TC1WV2BG8;9576254
5FTCRKK5DHCTWVXYY;9931597
S4YL0FTG08LX16RTZ;12529035
WRVTV8AKVWGSDM446;13177169
LKT48ZMM8F45CVPS0;9997157
SHH8NZ5PM4SNXCU4P;12838012
TZF5FERUMSAX4FAUB;13155053
1H0F0PF05ABC5DXSH;16074956
2HGFNSZ87R3SZ6E8U;3539757
2ML8Y0BVD57NKF6FF;14826026
DV0HGNXYEAHGNUAHH;16296852
S5BMYR10PZSE6VHYY;4920964
KN0P51ZU5B61T8KZE;8035718
428ZB1B0M17F5PURE;7684317
U72FR1SUTBPMA1ET3;4322776
R7GYZA0FHWR34FL7B;12934659
7BT813DCT6FSK8NF4;10954782
YFHNUBNF3A7R3BP4K;11002229
0NYR7Y5MRK65RRGD7;13449757
SHSTPK528C5WLVN81;8601370
N6VVTDCNPLTF2X0AZ;13762322
4HKATXHSH6NKXZ205;15515832
RFYLE2CLN5AN71TFP;12566720
HVE2RNWC6MNL63CWK;12361148
ZLLR7MNCMTCVV3V2P;13686199
GVWHRR02214WFWHEW;7782331
0SSVLW0L5SU653Z6N;10292982
N7UYLZAWY2GLVUF57;9890925
2FDW0WXYFRRMRKCBL;9271093
H0A6CMMVLX5ZM8R83;10685436
UZ58FTN80HWEHKHCF;10945669
N6P6Y5KNREARCLA01;11227296
6E6SN17FE4G62XXYW;9606218
UXTHGM176A14FBYP3;10510015
7WM0ME3C5SCANXVZB;9989393
1DM1G4CERLF4EX1EL;12470235
XLP61PG4532KFT1VK;18133522
AF8118F36ANEKPKRP;10282314
36AWFXNDW8ZN5GXC2;12628362
2EYGW22K41T84XCUT;13212586
RK1MYDBXL2KSW4KGK;16410245
H6MH85EK556BW3ZGU;8262771
HWUKMVW8CG7RCZCMR;8385738
DX47U0L8HBF4Y30C0;10441554
0KC0MVPVVRAD2V4Z3;8415417
0Z8X4FKZU3R8HVKGS;8020290
GT4D3PTAY2PMDCYFA;9992052
DGUKV1RDR6E25RL7M;11035065
2XBV67B4N10Z0BF6G;8682214
GXLR41T5EBFX05U53;8794033
6AW0MC2KM0HG3VB2X;6877136
3DEYK4SH2UXZ2MA5K;10576695
TFDN0C3D70V55HS5M;11751090
XK46P5TBESG3T1VLD;10790351
EVUSPT072YA0SWTY1;12721698
1GBRDKNGEN5USHPU5;15468749
5HWGSMW5S5BX2MLE7;11952910
XVZBN5BDHY71U42HG;8169763
ZKM4G1KM3FGVGKSCB;8085186
26T2NERE4TL8706V1;13524838
32ANBLYD3K7Z60GEP;12835906
X2ESM5CTT5F8YXUKA;17451190
NTSKY16C0YUA8YNDE;13684316
ZDAPL4CVGLE31U60L;7999037
ZU4WUTM1TZL0AU0CS;15457708
3FKU5YE3CC5HUHVX2;10700835
CF4YMX3NM8DKR4NWD;14047787
BF20DFGXSY4H4APHM;13757383
41L5KF730HU84BRT7;8250716
GNBYZXB448GMTRRDA;7024749
3KR6YR5S0XHL30UTH;20662771
DPNZP03NDRSRUS2Y5;16918664
VC3H5TY6L42EZHYX8;11166936
ED8AV52FTCDP6GKYW;17347114
B84XLDEM6XX6GVW26;10803621
1A8L0AS1KA71YTF25;13206421
P6KSBZFZEA5Z27ECF;16348736
G2M7473CCFWYSGF0N;16919310
RY2NFCZ5C53B04ZTC;7594548
LK3Y66WAXCUWLWVDF;14566709
NKVD13KVPDKWK386W;8681071
MER32DYTPEBLM0Z1V;14398473
AEYUNZHRXLNKGNBZU;11454152
7TXNG8HF140UA5T3P;10946894
TP2K7VFYXZZRNKG0P;11919139
S4F4NEZTDEBFXBARR;13020198
YKS652BE1F0CHXX48;7090735
DLVYAGRHK2EFCXEE6;13477767
F4R3G20WTVU4GMSUA;12215041
8BPSEH82PMH48KTBC;8513510
U040AF2YH1R41Y6X8;14807484
Y6W7PBCK1HKH02L5R;13452458
34FPBTUBVFP0E8D1K;13926028
KV2Y8301WFDKZSZR7;12375354
4VHE6NALDTH1NC432;10401895
2B02KLCUT773G624G;13190212
FUAYV0H77GULHRVG1;14773489
N74MYTACSUARXD3U5;10639499
SX8CS0BULEF34B0XV;7281589
MZPN7YLCPAPFGH7RU;10878217
XV0ZBALP57L416V6E;6950964
2R13N7HSNHA5KA7V7;10568851
T3HMV537PY07X6788;10425448
TSLKZVWVZ5VHXFVMR;12825287
XZV1HSN00NRPYE5BF;11252277
B1GL4S7ASU6AN1CX0;9917533
GHFVU5TNKV8AV3805;11861771
4U4K2FRY6Z3VWVH8L;13463230
0V66DD32PGBAG5TX6;9907889
BEMWPBS31Y4C138PB;15028501
DSA10LB5HHDPM5BP7;11125049
U2G64RCFTX3CPURHA;9626891
4XDUV40T2CC4SACCN;6993070
A8FYKGCT53LR52XMM;11779523
F75MNBF1AXLPL0L3B;11005441
5H5V1AXNU62G5DCG5;11373658
FHYHT6LZZC8UFR43E;6167122
SXTTBR6P5C77KP86R;16856367
S0AK7FLYSX3HLLRZK;12990681
L541RCVS6R8BPTFGU;14058750
EDE1KAGVDRA5LG2FU;9976539
4BXXENA57HX5VPPFY;9253641
CWZVEDE4LNW27F48M;11302587
H3U7BTAPUHCTL1E5G;8249892
M4DHSGCPH6M61EA08;11848805
AXLM50NAURX8SV3Y4;10846471
U0GWCYMHPEBAN5YM0;10486465
2NTG5K4Y5RZT130KF;11083350
74VD4TD0SKRFDTXDN;12956178
PPTV1BZC133CA1ZNN;12712232
ZYZ7PCDG8GMR0PUY3;7779678
T5U5H0LZ70EU42CMW;7724401
R5GUR8X8H2TZZT5SZ;14515045
3W3M2CNCK75D6T7Y7;11898257
SSUSU63EVF1NZRFHE;17512022
Z4MASDFKHNZ1WKWD2;11560437
4ZKNYHT46SVWME5PD;16772511
5RGGLC6NW37PF6YDH;7686012
TUB44KN3LU63461FG;17068460
5SEETU8BNDYTACAXS;14944451
ACE6X0ZN78CAHK410;12969602
GC3AL8PPH48PY2RRT;9225996
175C1G7PCM8RHPWPG;12803225
UE1FZW1PX25L8DWGX;21489207
UMECPV6LUH1Z5HPSF;13901776
BFYZKBFYZ5P6EG4MB;8795058
TK1HKS6WHGAUNYZYK;9994659
YKRP1GG8MNTHV7LP0;18058339
T6BBRNAAXZR1Y8X3Z;8162239
LSEC6XYDYCS8FCV6E;10089116
MNAYXU3FXF0AEM81U;9801760
HZHW1PF341G1XRL7R;10126336
S77W28C1L81U1CWG5;9155152
1FLWKEBLS14TWT2V0;11148312
GB6F4HVHDCVU5THP7;14482497
LG0GSPLA1EBHKDPG0;6660271
X0T535HA7LPA62DNK;11579038
T7YPA5WHUFPSK8U7B;13350883
VSPVMNRLMB74LUMZ4;13119095
VK2TGWRTGA8U27HZD;10960332
EEUEYPD7PK5002W4H;10516278
XH7FYMD5ZTTRB835U;7554750
WZC5WSZL1S6MNRTE0;9349756
DV4LLFXS3XTNTFMCD;12983838
1LVYTPCES0KUEB5WM;14382823
ZXFFDBRK3NHYX81MK;12262905
T6YLV6PXYUU1P1E2M;16673582
XWESTEBRL7BXRFCFG;10805259
R6YP75ZY6ELKVKYKW;10217947
NYA048T4TNLTUMCX0;12475003
CXGMZY467RERKV15H;6770542
YYPS1KYKCDX3B6P8E;7762952
5BRD4WDZZLEPLRGB7;13897398
R2LVTBREZKG4FP3X1;10057217
244ZY2DHKXVGGHEBU;10065313
0P67TTV5MHE05CZP1;11601455
G58B2B42SPRDWMVS8;11511319
DRUYTC72KU4FEA7E4;17998162
P1E5C5GC4PBV0D8TV;14676833
YCU3UKF6VW13L16A6;9703941
61D1KMK6417PF26CW;11302628
8S6VYWZXGFGK4UFXS;16015419
WFRRYF4E42FKTDCGN;13461269
1E7T5AYXKG184BH6N;12133051
0EFSVZU8R0R84ZSDY;8781262
08UFKPV3XDVT4WSW7;12961327
VYAWT6FGF6FH44GDB;5412545
XL7VW8GKV45MY306Y;6299988
274NKC2AMGS60V4BZ;10283968
6TMSHA6NY3B8ENFU1;6064347
07E4HSMDY5YN5MKS7;9926128
6M3M7PD7H6A38SF41;13367919
6VBAWKH5BB0K05ZZE;10741487
NRUYZEEUSNLE0XEKX;13481734
A65FHXVKRCY6S6SUP;18725946
3LB3VGM6Y8NSSYPMV;15864157
V3UKBKPZG5H8E7P3A;9629157
3ENY4A7YYY22W5ZHZ;13311661
CLMMNCM4BFG6K2FKA;11635411
VPS58BA5HPKYKNMSK;17406754
5YF2FVXHUFP6BD7G0;8170965
KEFN1P12TM5XVR4PF;11288335
TFHCP08U7XXMX14X5;12386323
1PSZLYH76UGCTA4PF;8997506
E1DENBUAWSTYS7YG0;10243105
NP8BK5UCVYP1BXC1N;7850355
GC7BT2R87VUL3W80V;11648592
NSHCGW4EYR6UWRVHR;16833648
RT2FPAYZ8YYMGE0EW;7941192
N2580PEZLXN38B0BW;14072151
2C0PHM80GCUUAR537;7221829
ALWTZLY315CRRR76X;6658174
AY1ZUPKL6CBSCY0AY;16120718
FY5MBEY4L6TF8KSTZ;13452188
5KCDDMN5D6GM5MS47;10192468
CVA6LA101XB36N41H;8299807
RV33DE11VZFGBRAXV;15954865
SURRB5MX70CABT6HL;15544534
WNWKL1XWC25EAKRVR;10257180
BS53VBL4ALHREESV5;11704611
6ZZNX58P2EE4R3L4F;15708125
M32BBZ5PN07832LHS;10731488
4SL64KL7TAWF2HV0U;6479175
SUH5CWG830HUTEGMP;6937327
4F2T2AKMC7LHRRZ8A;10201869
7XCFFVC0M8GRBFM0C;16558183
3YY6ZELCY6A4ZRGML;11155809
3U558DRR3RR7G8V56;11486035
8TVEDC7Z6XA846L75;17142612
Y4LRRFKD25YH2874V;12242848
YCKTNRB6D6VUHPVZL;13431734
CLE5GY5K4H6WLPT00;19603932
1D2RM5888PDTLZRAZ;10607832
88R01Z4TKYCFB21M1;13235707
SU0PFAURMKNC2X45S;12999219
2GT8SHC7VS17NX7UB;18725682
RNWXUBGM1CLAZZU8G;17799326
1BD04BD8KVAKVS0BM;9523200
27K82A1C7ZZVFBSFA;9536827
053DYH16BW6MEDXVD;12042933
R80AW2RMPXDRVUVNW;13048240
ST4MMCGNXL0CEA4EF;11585148
GWRFEN6DMWSZ6K3M5;17132079
024M308WLL5PMAXRV;15616198
5U3F4PAK6SNU7AEV4;8462202
WF4SXC5H10DVXFALL;9462594
ZZ55ZGK74PUTU3KC6;9341832
85HRC1FTS15XRC5WM;7074706
LRE7AB67RP6SLS7KA;13845494
DYFKYHR7FA316XUBG;11889882
0GL4WS4W0FCBE2BU0;14289159
454H4P6DLX1A5H8L8;10706106
P0FGD283N0A1XPDRD;9374121
HGZU483AGS76YBDUC;17651790
MPD51LBCC8ALGL7UM;9470662
UUT1YN43W23GN1RE5;4501127
05NU5X0WY5YRD218S;12529825
UXWWYP4SWXH5FSC0V;14003987
RS8YW7KGGNUXS26NH;8974513
4LDLVNTMCZ8YEU5TK;18864689
0Y3PPBZF0DZE23XFC;14143921
S6VYZLB33XDDVAT8T;15767716
8SARDTKLKFN3T03FH;12574615
SHS6DKX3US3234AW2;9131898
S3TV307X2P3AHHF4L;12499573
H1012PD48WSWLWKKG;8562056
KMRYUBH8KUS4AS0TS;9918663
NKV3HYFS75TMYFA0A;21849172
XGFBDMY6CNK4G40F7;14707965
PZG5LKA3EUCKH48DN;9532535
BUBH82LU0HR0SA3G3;16693682
KTYABBXX7AK7X7N7K;9428147
NK0NY2V1YWK54M5VR;13068896
DRNNSZWUZ86W1W47X;14598686
C3XME8XRU3NC21MPH;5483223
G60ALWAMYE0MPA48M;9312684
PV02PHH4KKZHY0LWG;12110417
6E1FTGC48EC46X7FG;11926639
RLPL8D7FEN36MWX38;11028218
K31KSHR7H66GP8R6X;15965636
1GF8DKXFU3CZ2GSX7;12987573
8THPM1YLCXL6P2BF2;8356906
GYG5T7WPKNCHN8NT3;8975418
G5SX0P2B5MX3W8K23;18335077
PNRASDANUDRCB38SZ;11700701
KGNV686BS0276M50P;14139581
2PKYH66BMK4S160RC;12193730
3YRDWHNLS8UH1GEAX;11292929
XBRTDT3H1G1WNWWBM;15855058
8VD0ZE2UT30VMFH52;15389587
1F7XF2U2TCF62TAAN;9894833
5ST8NV0W4LM15URHP;4722186
V15FA1TMPHSSCPDYT;17695136
XYNDDWTTHHHB1X36Y;11621280
3UBKPW2V2RH7KZ04M;17433045
TGNE7VUD2M1FA0Z38;10676390
BGVEA62EEDKTKLSYD;14814524
6AY14RENBSGFSVLMR;10219144
W3DW4M2Y1DBADHFE5;14111674
C6TE6G2AF1GUPWYVK;11260307
CH4KZPS65XDXRLTVL;10778292
Z508351RP6CHZZ28E;12380667
0L16BWPPW8GDCE2M2;9370255
47FZ8F6YA8BXXHW1D;9176650
F7LS1G4LGDGM6Y8V7;8007104
K1VDES72RE33AWLDC;13519612
DWPASEWREBNKPLRF2;17515425
TT04S1GZY2R1GZ2XP;12786112
M6714G4L3ZRNRDDKU;16280069
U755ZDN2D8UUKNB5M;17810373
NADHLMZ7SN1ZH45Z7;14748716
8RWDT74WTZ4Y73VCM;9334199
3UGMBXLF3K7HP1VRP;9748461
R72F5F01G4KVSE35L;9199487
DY4EUME8W5E0C7V4C;7275817
3UF38566HB3CZM5MD;19144924
274WPZLGGD6P25TAC;8150637
GBWPWWL1BDVKL3488;9167457
GB8AGDLPLUYBEWA63;7113595
BA2N7AD5LBT2X3UTA;15812989
88R3BS63FSH5UWC80;11770405
FG6F5ETEX8VR2TRKS;5971213
60064MRSMNA6S20G5;8619253
RXDYPVZMTCDHLYKSN;14188235
ZBPVW2PMG2D4VKSA8;8107295
EWDTX3GXNB53FKK8T;10152608
0TZR4ULTZZSEABA1L;12004562
4FZ3XNREEN40LX142;10335727
6CS12MR6YYDCUWU13;7952461
8UZXL1B5WX366NRFG;13773507
U8Y0SYN0PF48GHNP2;16043840
1C35FNG3G1FSNPUZ4;17416638
RA4X8H0NAX1PFVAGW;13398903
DE20RBDEA5Y6W78BX;7112759
U0YXD20FNV0T7BDMS;12069748
UUTVB8ZPKM5ULH2G1;17927222
261X1HYKAFLMB5CBL;16679580
XBHBVP0Y2N0B6436G;12978263
UKLERYYXRX5A6HFUT;17300334
XC847F2YGKP3KXDMU;9245546
ARPA78HG7UL08W2WA;13598641
REERWLK3F1BN44WW8;8269661
T1S1TM88GW6YMAHDW;11152676
C5UGYTD7S6YE2KPHW;9158829
WSG67UXDS5VWH3XGX;9785677
L8EWCFHS8MB07BLXS;15407351
605D4PF7U38XXULSE;17583034
V3C1RS0NNHTR6E3UN;11318363
DAH2E3ZNDSSAVBLYN;12231303
ZLT4PY28C0X17TX5D;17293324
TSED4ACN3TW2FE4S0;8267128
5HT5XBS2TR1MGAX18;16112404
T7RCMYUFB6LSGL43U;12597195
KWKHXSE6M6AFZZK7M;15823977
DCES7EBDZ8PVPC2DK;7739409
H0LYV4KVHDYPXLMS6;14419693
L42M4RWERK868MW55;10731756
2FK53N00UNASN7EV1;12030108
M3DG2E441NL1X86ES;8980526
NTWRVT8YUXWH8FBS3;6451633
ZXP6WH6BNLE5A1U3H;6555222
PTNGXA8T0MHXSEE1R;13204470
4DYARXWTX322V7K7B;13819681
8LMV0584C2HTBYYAS;18154672
5ZYMVEFA72XRZG32C;12948308
60DFEAPAFMWN5ZTBS;8053324
3Y78FV2V4SY6712VY;15490646
P5DWG2A46ABKY3LP7;11986959
330VMB41G8WFEHWND;7548791
BHP1R6M6ZM4FMKPW7;9127363
SM4UBXH2XFKYKCGTV;11198861
8WMSSYWP14YRAF1GG;9145251
6CW1CM7SEDTP8PH8B;10833691
NUDMTS1RCK5Z6K8P1;16191746
8LSVBW6RFRY2XKBT1;7963627
XMBDSAN207PZMPV77;17090757
UCRDM6KUV813N2ZP7;10638274
W5ANKLP0Z2NPP0E12;16326276
W75L1FG1C2CK7M8KM;7648461
CKB1ABPRBL2X7VUZR;8373658
VG6T1KNTCWFBCBP16;17763203
YU8X2UC2B1MNXWP14;12905826
ABF04HP7RTHP4BH5R;13399800
SFS54K72SKWXA6HF5;7087435
3RSMP0EAB0TFWYWFN;10100893
A1VEYGG0XUZCWDRS7;9616872
VSTR5C0C26ZYNCVUX;9974245
VV4M15C5LEVYDBK2T;11178379
B65FVLVTEKUUAU4HZ;7248613
C3FUY2VKX4MN1D8N0;9840476
V8HRZ7LGV287RP8DB;10380792
X2YXUAL2AEWFVEEKB;10298810
7485UB13EW1SLWECM;15808301
K7C24H226GB3L1CCX;8317202
4AG42WY4RM10V372E;10585082
0W6KDPKUR3MPRT60Y;19241567
VT3V17D7XYF4D1N6H;16748548
KHMR1HCUBKGEXY7YP;11616774
FDD340D88X8Z6NL0W;8967362
D5TSMFR3M6YW8DA78;14582714
3TW0AMBFHVE3K6F2A;9369108
ESC5RU62LYKXV1GD4;15949013
H84F8MTA0EHWVG2WM;12315487
M0TGAT6GZTMTSV3B7;6778970
3E6VYGFTGUM10ELE6;13009788
62HKP8615YR8YFUKD;10274750
1UAAWKHYPMNP34ZL0;14222682
3701F3DZV6MTBR7YC;10102980
4PMMDXVRHPMM5U3VU;15426617
SS4Y54D3DXUZ0G88U;13897079
3HXS25XDWFG77WVPV;13738240
23FUSB0GU323ZCL1U;15425687
R6DYSXUWRHG37RSM4;12184752
6DZB7D74YF7CDXMLY;6516731
YS87SP7YXXE6UU76H;12248498
MV64LKN7YFTWAP0PK;12931145
CRCWBYXBT6CWCR0HT;13222680
8TU7H32766G1RK8G5;10822080
VGTCVC4KED4EV67R4;8538906
CCF4NEEEC6W8EH5E5;12421542
XK6VFV50PLCHKFWBF;12862676
HWZLV5D0VXH1LURFR;14140683
RC33T1DM36D6VNKFU;11584937
UTZ7YA7DGPLUUHPKP;10540122
KVX1V5SX43WEB5GB7;13276939
VME0U2HGWK12ZE2UT;13820384
ARSDX2NDEXKBN0FBX;13178651
2AG5T0YMKBZBY8V7E;15989671
EGN3K66UT2RD3G60S;11179674
WGZA33UU0MCHY8XYE;9727035
Z5W8LNAMGNWC7BLZE;14005867
US08DD8STCYREC5TF;9708986
HB6WT6RD2YR1YB4DC;9433574
76YPYTP74FLLS71ZD;8445597
M02NHUR77W61DAF5F;11958525
52GX4R6ZUYNAT876T;6570562
1PR6XPYZXWGUZEK5G;7950178
YAYU2WWK5TAR4RMZM;13703022
5WESACSVRLXDZRKV5;11638809
8HAZTRFCCG1PB8WC7;14705777
WG5AF1DT23PYHT78K;13860964
EMHYC6XTD7YK0B7X5;12194653
DYDSLZU3R0AVC80FU;14659308
T5H5NYVSCDK54RBV5;14294924
CDFSMWSN0ZX0SUR0Y;11778246
HZ22XYDDS8PBNAER2;8661209
X26WNSTY4LRS7UBGL;10556182
HRKE3S3MHY4LKPM0V;14789093
ZUKUHRV5UUG7C2N2S;10256309
2KVEBZ2TKZNW5KVAB;8478595
X16HK58METX4GU5ET;8112275
Z63BKGVHL1SG523XF;13767172
C755REG3S4RHTYPXD;10599038
YYFEUA07SA03RBP42;6709576
5GG5HBXF1GZWME5AX;15812392
KVHCDF7GEPMZ4GVLK;7183656
0UYM02LVTW0FBS2F5;14179525
1FV4GPW100S0LT12C;8789168
ML045MRNHDGBTNRYH;5223945
NEGEUSRLSRW623PYY;16226376
P44M8XLXY6YL3PXD4;9110313
Y5P7ZBVLYAMHFMGTP;11726980
8VHVDXLYD70F623X0;8492881
X8U1D6DX3YBRYZN0Z;7057922
C3AXYNCDBW7RM4S3A;14384896
HF7LKKF34VCG7GXUA;13088436
Y5ZDHV317N78T7BG2;13162611
NCP6MTZVXBWUGXBX1;11541985
SY4SPD4UD0ZLB8HUT;15374946
WV3KFW2NYZXLUN0VW;9490280
1ZRNN7LYZAATZ41SF;4925203
UV3F8DUB5C12KUFKE;14429182
ZZGZGRMDYN7DUSU8N;15049228
6GUNDWZETFXN0U815;18976484
A13HNUM5UPVCHRAUA;11480741
M4K0TRD5MMYPBK41W;12567896
FGDLTCMMD44ZGFTF1;8127912
WB4FRBZ0ED8VHU1GR;11342968
HHFN80516W1EZB3MW;8388255
1655040X5MYSB654F;10032697
4FHBT1ATFAFAPN53B;12121451
PKW2G6FZUMMWAUTA7;19965976
8LTNSTC2PYSYFK647;13585574
X42TX23USF1C6442M;13826363
FG0NYYTUBA55D376F;9879765
FPB2MB7LP0BDXBB7F;14677053
XZMTV8R3V8X3HGZD2;4469200
HYSGKDXBPNZW1NXMP;13198617
1KCV2K3NAS7BS5C7H;13507565
2H6UBHSE0XSGPPWDS;9594805
6574U0G17UPMSYF6H;15491765
DSGC7H65MLG2SNXFS;8294322
UT561E2LSBXFBLKB1;9317498
AGAZ2A2SHHSXPTDVZ;10996620
XA45UDPWHHTAVBKKD;10847225
T7T0DVRP571HFSKP4;12825969
R51BG7AE7UE2PHWEG;9439763
YGE3NECK5NFA3XN2C;10714307
N074BLMGNW0G3CY83;17399132
34C2CU0C2ESSFWRL0;13043846
FF25E74PMZVYMP7G6;14038642
TK8157ABUWY3KCRH0;14387992
T260B26FWM0RWS51K;12339106
AZCD5BDPCGRF6N7HN;6064612
3KWDGPZPPW2TELBCA;12671331
S7WGX07CY4NUE3GXE;16248762
EFP1MFGURDUTBXMC1;7228135
A1L35M6RFHNWV6R56;13801353
6A4T8LH4X2P8CYGCX;8429922
G7EZ231LFPLVDAFCD;16787165
FRXAGEGZLGYV0VE8K;8101126
WSMSWMA8VRG3E4VT0;17228371
8B2W03RRRY2WZXU48;10577024
DLB12M2BGZCM1ACZM;17167597
7NB421VGY3FM6T21D;17124369
60X2G6BECW473PE8Y;8147347
F8VB5B7TVR3Z504D2;10445688
6PNHFAXYZNL2GUCPD;14189814
6TNT5FRFWU4GDKHR6;10521277
DG7HYD2GGVEH367DR;15711484
LPMGHD4PBCH126VCU;13629538
1577PXPNA8K4HBURS;17651288
LBV3V8TEZY56BX5L5;10314841
26GY03H02ZFHXRMYK;17650388
6CA1FDEGF7HR5V3R2;9906847
GXK6U1SNERL7AF6HU;9064595
CNX6ZRMREUEHLCY8S;4716973
YELLF0SA4XMHB2GVD;15842775
BMBFT04PB84V6KUK2;14540275
KXCE6UUZM44WRUW0X;10680652
TMURG3Y4431HZS6BZ;13842508
6W8DCTHWDDH1UULSY;10645795
5PS4B8A1MC3D8XMAH;13794429
2N3CU17EX8ZN2DXS0;10997098
RB0F5HSPB33GS4NG7;14018888
DH8432L2C2HZR47YS;14152082
XGHVPHB7YULE13WKE;18914049
LDUDDEN5WZ3M0Y7A0;10218795
74WKNNS0BNP4S8G7T;10382231
K6F777D0TP0X582WV;12964179
2VLNT615R2K182KKY;12568819
DP43TD7GC8M1R6P1T;16373876
D7MTZTYKSKKHYKS30;11057911
PVZXLDD2BZ752X5B2;8677537
FF5P2U0HY15ATA3LR;15898983
G02GGCHA1Y7B3EB0C;10007009
TWTCLM6CKCBSEHH8U;7812274
0W855S1HY0MUTPKP0;10575400
GLBUAP1PXCVCERMUA;7641067
UNM1MP38DUUWBHFMW;8462186
4W47PDPEN03WKFXBZ;13288635
4VSSTBVVZNAXV05VD;8139460
W65HVCS0TVRD1VL32;6317961
KLN4C3FSBK8ETUM3T;17404349
REE2R6EP3HE2XE2WE;15796646
1S2U0TRTMDWTRS2K7;16009406
P32BZ0DV15KZLBZPY;9959839
V23783UARM0XRNCKR;12727365
HFDUEXWL2DSWP5T6U;6427639
R2KYBCLP808GX1MK7;11732603
6LG30UWU4NBX5VP36;16883521
FMS4WLB0642VTXH4H;7500765
EUF4ML5MWW55YTSRB;15184809
0SXKWZ5KGRTMMC6LF;9317360
P4PR688EZSZBYYH5D;10689190
BAYFN7VYF11AEGDDG;10477699
L3XAEE8EXKY6UWE2N;16158883
VXBG0KTD0C8VP0NLT;8112752
Z8FNVVWPNAKG77XSY;11632005
BNT6M8XW57ADE6YHF;10671510
R2KUPHSC16ULEP7VH;11150829
7X5RH067F25N8R0X6;6931752
WENK3WBM00GZCU0FY;8855614
4Y87NK7408STVPLPG;11573895
UZ5UV7ZAURA1EY1F2;9808244
8PD5A10EDMDTTTU0R;11187150
A0FMHFGS01XL1BM8T;14219283
ACD6PFLU84FH24NXF;13339328
7D5FYLA14UNE7F30S;12669594
M2RNRXWH6ZGCNLMLL;13087318
2L7D7RCC446C8B0CP;13829260
353D56CSSP5M3KWTV;15002612
LPSK26V61YUCGS27Z;7683087
VTR2YDS256GVLWYL4;7405648
N2L8PTFV6S7CCGNVR;12210588
VM2ZENBA1MHR1CZHE;8178217
10TC6P73PHE233X7K;6513179
RFGUXN6K5UZ13SLH0;16381745
014UGA1WXWMFF1KCV;8224749
L353ARKVEDCRVLEH4;13316424
XDNR1L27EV1U15DVL;8831829
SMVESKA5L85DGZ2GR;13294906
3KNU315NMATE1MH0F;13198796
ZS2WSSH4D2WU451ZE;9971589
N75XZ8S30KYX0EMRX;16165848
VWVVV81CEH2EDX3Z8;14048167
AAUA00CZGKMZRC4GB;4972186
WUH6586P6E0HYZG78;9339357
C72EAL7RWLH7MH7DT;9073988
SM2RERYCWBWRE3AX8;14492108
MYR480BN4M388M08X;7679011
VKB4GR2ACBU20AURN;7060284
R1RS8PECHEXKZCBL3;10677027
DPFKPXLFRV6GRN5T7;8690668
14UK1AS1NCR3Z61ZC;12473227
THDKMV3RBMAX0MLGT;12151220
N5KHNT821GV4YYL6A;14134931
HGNVF2P3SKVY136T8;11194049
28NWTHV2R3F0PZWNF;14611842
BWCGGRYDEEB4TRUGH;9202184
YGSXATC8K14NB04HU;18609525
U0K65SP3Y3711ESHR;7365435
MGCA8FYPN78UTXPY8;12185996
MYX6GSZUMGARGSGFX;13858925
YA83PA241NBFVWHTF;8432522
4HT2LAZ6KZ7ZMEN1H;11730745
0VBAVE5G2T4HVHK66;10540618
GX8F61W16PES72LW3;10456131
AMMKBBP31P72DUBFU;9792646
0CD5C6BWNRGKRC7P5;9772881
PFU7FLENSKF0WZ0PT;11660727
CC8RMA2XS1277X416;13701638
TZVRCSL0636RF4ZP0;12467469
7EYZ8737BEYV05S31;13572821
RRS040GF85P7M40M8;10546328
FLN0E4VU0LXTE3X1B;9889670
4P3P6LHAWNFVVHDFC;10151281
3LK8C2YWPRX3GPEA2;9872839
E8TDN1EK3X7FA8FUW;13984005
XWTSHL4D4PD7NEWZ3;14035649
XBBMLSGLVKX3BKXLA;11212156
0E3ESK7WDDLK74UEP;21631895
PMEGUM2DU3G5Z4PUG;9587556
BBHY8XFG68R0FE7VL;7210716
4V3LPKKBAARHNS0KK;15707509
NDUZCK03FHU51TA80;15952212
P5H3KFG1TBGVUZAM8;13247718
RTYSVS8GUMPW6A4VN;10684928
8E4BSFW7LFYBL1TZB;12254265
H106SHVH1DZENRTP4;7960653
SU7BP8ZUVC6XPH876;9363747
KRU4TEB3MURED88EN;11491850
Z6DN7VYYL23W3RUF2;6837878
7K1ZMKDW6AR0PG6SN;16117436
HLBS51GX4RF0DZ7U7;5088554
NMUC70VHEBCBVCKYK;11523346
1NA3HMS2W0EAPSHDZ;9038027
FUZB5THMHHCN6XKFA;8790449
3V2GKUX2B7RV5CYDC;11022346
DLMVMLTMAG6WLXBBE;14254917
Y6WLVC6R1ZGKCFLZW;13187890
AG2PYW5VNY8KPCKKT;14805068
HFUX8P4EE34WN8DG4;15463507
VH5SXL2LRPAYSZEW3;12315250
CUNLHLV0WYFZEXU7A;8854215
CHCVP0CU75C1UFA66;11056494
AE4WGYL8X7CE7STSW;11777733
S3DFKCSCD530XV0DM;14601835
W3BHYN38Y1BDYGWTP;16035427
LH177142KCTW6ENLK;11462089
PM7SLBS620TZ821UG;15490090
PUWE7HV578GWUB851;17062214
DDS76KNLCECELLM3D;12847903
LP3VFMWKZGHAAC8R4;8994982
VPFXXF0Y36DNPA047;10744747
2KAD8BEK5WBU1N3PA;6955627
P1N6VPMRSC4V3PN8C;10721602
RFV7STTE6PT2H8RHS;10328378
AP2A364CF2K3EXL5V;8790976
5YXPTDL2R61SY84GT;20114317
4NH52FC02GYKLFLBF;14911282
6ASKW4GB6NLRR7E62;17649384
MMKWWU7XSH2BU5P4B;10708475
UDY0XNHMC1UCVV378;13096548
UMXLA5P0WBBYP8NRH;6779077
TSNX5NBH7SMC188GG;17490777
TBRYX50EC8AWUMVXV;15794932
08PCC5RRNFGK4RZ53;12339081
25GRVGKX0M84N5P4L;11562128
SY1DLP85E0BBABZ03;8457914
KAB6WFM04TUMHAHVR;10656721
2V5PAMSKYCUYBC0LY;14480918
W0HWYR7E3WGA0AD6G;12557374
8LSNT5HNTMD6MW1V5;17008294
K4ZADAA3FLAWHR6SA;15976698
2MVAYB3LKDCG3FAL4;8219849
MP6B2ZL1VZ3BUGHTV;17315164
BV5XP4GZ2PK7646UP;16788098
RT7LLLHX2W6FUL4VL;10485334
MPDHA3XVXE7MEHTM0;16768674
VLD8UGTYK8STAX233;11449254
Z4Z2ZTMTLFKRK2THC;11913590
5GS6KD6C3HHFRX7RL;20187747
BWYW523U4P73MDM0Z;13990473
CRREXELBMX137NFYP;11048686
TBDLP5EG4HWNPCFG1;16282205
BNA5SLSGYGPP0RTGT;13415021
BD14ARSEZ3TB0K12R;9832022
PDK06338BYDTDDESB;12281183
WWU3SXR8L0MNZDANG;7431907
K8EWTSHEXB4C2YL8A;7410447
W2ZXZG4TDKL0S5FM1;21024818
F62MG1FY632WMEUE6;8540268
F26BERXWMN741CUWE;7364176
YREYLWVZ100GKWBE3;9571695
44G6UFNBFCEF8VEFT;12190148
0PXANFY8P586X4CRD;10575453
574GP4HRTHZAM5T6S;12660240
5P4XS80Z377BE0CXY;10888178
M1PA7PUEFYLPWW77B;5711363
M14VX55FUH0430KDP;5840931
GSM6YH6GZUH3640YC;10511768
82TSFA3ZERA4E3U4Z;9271991
M28L1N2XS6TFWMEXP;17698016
S5W21HGZ2HXY1NL67;6252912
0F12K5AAHHPH4AUUX;16433111
3FAD0PVC1KVSU7HD8;13754502
DL8EWGDMYF4837LVG;9183318
PSXSLL8DH5FEVYMRW;9739083
GEKE7UKKH4CZL8ANE;10021865
3NWY2FDXM68CMMNTW;15328452
4L3T7MDKASUR4TX8H;7061831
00F2VCSYXSELYKBBS;11107405
01AAGARY0NKABS2PR;14344799
05FNXCCBNY2P54NTW;12345492
3XRBV4FVUK7SG35GU;12641097
6ULZ6GXMWSWUN5GH1;13432380
A8SL004FEUSFV5KEA;11123391
H2Y8EBCUWDNM2ZS0D;10163478
D8MF44DFEEWPK187Y;19228476
FLTXXBRCNA01SUAXM;6939987
SKAWDWZALN3DV1TRL;11722397
Y8H0KAHEL3PDHBTBW;10844340
VWP7U703GN1F77BKW;8963603
KLTM1RB2ALWWYRBPC;11325605
BFKMLTTHLGUSG3TZ8;15988603
KLVNMHXVU2N4ZNN21;8659226
RH3G4UD1FHWEBTLDM;11663468
VKEMRBMSYKCCYCLZL;11825649
5M677M232GL55ZHEK;10592335
1YMF47R07DUGLBL25;10734832
YAS8V5F3G0KPCP0HZ;8094165
AS3XENKAW1ZVW2CGZ;13545539
TW2L244TW2H2B2VWY;13805283
NSKMAV7TKNDZZDTTR;15485356
TEPG37U44REXAZMMG;9510155
EXW88LRAA5R82GCD1;9707750
0S7WSLFA6BCGM5YNK;12314985
H071FLY2ZMDWS15UR;10917672
TLAWHZ8VWFZAVZN8B;7576561
86N0WUFGC8GF5YLKZ;5104021
GNMCG8NVDUP7AS15R;10059535
HRFY8SH555Z6XZWMU;11078281
6APBEZNC8DWS0GS83;8965209
WM7VSDLRC4V06HH2S;12713082
6TTNEC4UVLMCVG0UE;7141377
W7AAFKSH6RK0M4Z8D;7523557
RGRP5HFU72P18SU7L;6165309
VFEPDKZS8C1C2X4KF;11879642
R1V4UWLBTZXZRN15H;10975716
D5M148X2MKD8D5C3Y;10868946
B545Y7PPFP4LWEVCD;9399427
EA6KPK5VMH2WU1CU6;15588080
8YUNX1UES45HVGN5B;13455829
4S4FKL3HHB3AXSHAR;10007526
TD7K2DV65B8W7Z8XU;8964515
DZL7UMCMUZDW64NYP;13438838
PKA54ZBC0BZL1LVMH;17053531
V8A8YN2510PZE88V0;14129129
586K63YS6VZ7ZFZKP;10927182
E3SL77T5REM1BVCRX;9118737
RM8ZU7F3H8C2BG7UM;7583596
G75KXS464MMNTLMVS;13230638
NXD8PDVU81PGH104G;8707423
PZ33RFZK8KKMMSYUC;13692362
33GANMK02GEPRXFLV;10480281
N47753PSE0H3R6EGN;8943755
T0E3HH030GD7Z61GC;5507157
415G5PE8VPEH2H8CC;8962425
SD066P344T7YENZ4S;11469063
L67SKMZP25KE55WLT;12632185
VF68Z457PE2GE803A;11902010
WAE77RR4RSB7KE1WS;11029891
8MALYM3FWTVWT2E8V;11340314
6SA12WY43P5GXSVWT;6100409
WZLKNPM3NK4HCVW4N;13985674
H2GZB5LTKSMBU6DVU;8554513
6B3RBYV3DASB83523;10254985
0XE46TPXEGKGCEUK0;9197750
H2LYPG2M4LHR8F1CN;19803552
WPGZLND2ZYUXCKMVP;15345115
YC5FS7NCZPW814MMM;4669140
M0L35BLTYDHY4XMVD;14100684
AU4U2DZUM0N684KZA;6704218
CLBCVGWT7428E455A;13409841
1ERKR4CDT0YUPSRT1;10817624
NS41H6Z36PTBWXY46;10716596
5E0WSW45UA2DDEDF7;13660440
VR5H64AS2G2EZT88X;19737403
T8KB6TZSPE6YRW63L;13685431
ALVWBNAC10FE3Y2T1;11882969
WLPWGY6K3TH3X0HY6;9398852
AS20XVW1RD0EVF8CD;13228825
5CPU4RZZ2URT2MPSM;11864262
EZCW6C6SL1D72T6K6;14701328
0215KPE54M3FYBX57;6399727
02Z3ZCY1BZXSB86ND;7282800
SL8HDFYL1ZXYFNRDH;10996260
FNUUU23BU732YZ8YH;11715561
E1ANPYNVPRXB7N5V1;9541069
LNTMTUM6WW8L84NYT;14605027
CXZKRSLGN4WUXLF0F;15146312
4ZCK4647RHLBH32V0;15938940
TVLT3EM68S1V6P0RX;17335943
VBYM8F6688SYPCZHL;8902794
P04GW33380TA7BWDP;9307493
4NM1RFR1BHXCF35DY;15320483
X66V0SL4YERZ4NLNS;15900416
RTXNTPA0K88GFY45Y;9245083
M5XPR805Z6BFG2D04;12508129
4NDHB7ZYCUUFN3GMV;7644378
00ZBZKMU8NYMSFK8H;10626442
43NZXNBFKK215GR1H;10212900
X430RPU0UNS14HYVA;12703053
GM51HEZW6ETT1MVWC;10539312
SRSCY01B5RAFE2N48;9136387
EKN7KCGWFNRWTPZRW;16482886
Z6F6NPZTKW0CUZTYK;7700764
VC7BMG844ZBMY21DD;11073884
C3NHACV0FEPW7GXR5;11178754
DTBNGWU4HNP4K04CW;9690417
C53R7WEDR0LGP7BWU;15412632
U8BPF8002GK1XLKC8;13729815
34NBVFNC152NRMTHC;10673478
NPR0EYYHRP2PDYGFG;15102693
4PWDXWLMMWD4NU7PG;18379043
5Y54L5CN5KXGY67PP;14031906
4FS78U8FGLZ6XP3BV;18144077
4FWZC3BP6HNCL1KL3;6641480
6DHE7G2KN23VV8XPC;12642617
C7T6SDXWDDUB61FVE;15628994
GC3AF73SEBCZDAZFM;9534724
5BYTRUYLAM0LPWWDG;11965829
P03H81NHBBGLGRXNZ;12919689
88KG1FF7Z8NY35CGH;13947644
V22ZZ2WF1WHA8XRUT;11011129
8NVAH872GM7PGRUKR;11478779
CP130337HWBMW54XZ;6815642
BG5RR4SM5LHB324FK;7952814
XGSUZGBBU6MFZ5LCD;7225938
TR34WT8FFV2GTW7ZT;8742682
U1Y3FEVYFA65CHWRW;8906330
V8VKXT25CCLYT5P26;12565793
WD0YARUXW5BY5Z2VH;8265350
RHX2TDWLEKF42MNT4;13563475
V5UD5WZTZZRGHWT8K;16071314
HRB161X5CXS2ZDV12;8754185
PMGCUBVGSX1BKKPZH;12895186
K360RR1K5UU620SXT;8245007
16F4M7WDV8RTMSPWG;13467891
UKZKY03RFGC1F0G2Y;9259661
44B5UL86BC3BASAZ7;16555468
BGF25H5V4NV7LV408;12013536
RRBVW8XT24AG3ZXY8;10620141
CYPC3P3RMGCZ3TVR6;7103888
4VDT2A8KCS36WZ5MN;6600339
MMAW74NKYWM4UPTLX;9357241
X68F5KK6AFG8F8VU8;15667793
5HTMTVW6A1VB5NH67;17504218
5BZ5M8V1WCKWPERE4;13439255
5ZUH2XDKLR6AM0R8D;7964166
TY55N2PCHZ6ZGUMG3;8823599
LBABDN0XS5RUE4L17;9045001
VHDZFG48K0BDHMM7Y;14796408
38DG01Z5XV634RPM2;10685741
BG7N6H23TVN73TZWZ;9086203
G14FC5UE44Z1WMU5H;10966835
4VY1VMKPD27A1YTPL;16432827
KXKF76G5B310WW78X;10960843
WXDZMEHZHHEZPPD0V;11756974
R3741HCK7W21RGMM1;11227998
GKPNG6ZV632ATR2BW;17299848
H8U3FBAHGTCTMV77C;5690049
7RY5B5V537WXHEEF3;8847694
CAMZH82U8W472NFFE;9113766
CSLK2L87H4X1ZAG8E;9034607
YPB0AD7FSL8LNVL4F;11224902
N66M13BYBELNHY1HD;12294579
ZDXY11WZT4U0G5GHU;15561676
SHT4U74S3LA26RVYA;18267284
R5SL2SK4XXVVE5FXA;19931754
RY3NV2DG73BAD4G7L;11917694
RUZ3546PAZ4DWGGTS;9313724
XHMH8UKDW1XBX4DNT;12616479
1SSYMKCSLWYAHG537;11739576
PL8SBBZUWC0ZKP1DB;13485937
Z2HYUG2R26FW5VS1Z;13038235
774WS0P2D84W7FN75;7525326
3SLS4U17EHGNDYDZH;12049339
P5EX8S4YSADXWNBHF;6916813
WZ4N25R1H13PGX08X;9744413
BVAYGSHA6Y6K87EGZ;12249660
HT65NT225YFCUYS03;19675705
LD5N45RK8M8NT6GG8;8408689
R2U25GBZWE2BGY8N5;9851605
5C4DY4PYYXKWEEGHP;8300940
60F6C5NUX6F66D4KD;14647446
M717GG5TZ1RR56X54;6885885
YV26SNY0K3C486VYG;16833237
CSE18KWXP5W0A8SV5;12590015
G256N7GTEN6CS8K6V;14718156
S8TL1K58TB63TGFEA;13010694
UYBU7L27LFT44APSH;9072900
DBBEXL4L3SB3VMLES;16233159
2NM6ZVLNC7ABC1LHT;15165094
TKXW7WAPMA5VZ5K5N;9516126
LTPULNVYF2ZAXMK2S;15104021
DAUFCWER6GCK68RN5;15604005
LKUNXF1M1VN4EC6AX;16088087
0220L4GWG2BGL0NBW;7937640
CFC1FG1URNCC6GGX2;11259078
DFN388X5WZDUYPF0U;12337654
CAF3RF84ENBP7TRFZ;7696154
UBM2VC4K5ZGTY8ZNE;10364688
6DD5UZLFTPGD1B4XC;16455248
UGYGREAAS1YN2F6XL;7113850
DYN2Z2LXSN7881A88;9851315
A3T0SGN2765AR8E7S;8648238
6AYS4MVBPKWDG852B;9482683
787BCA51LNGURNMCF;11345322
ZPRF7XGNL637FSBR4;7706699
AMC56BK306FBWMCLB;14671430
F2VWMSDAAAZF05252;7333336
PYN52TWPNXWNF4DHU;12756195
6FMYP46TXEASY4BZX;12340254
CSC7LPU4Y5V1NFMKX;8700106
YXUE8LL5B7D13R66E;14820105
3H25LKXZHY50GYM0P;12428939
A0NA3C5FTAUGS3KWS;15263831
MBAWNX6853U0RNHV3;17836368
38F0HWRUUBNZY4KR2;7601763
R3BU887DERP4WGSZC;15144314
L6B2FVV1VDSWNUY0D;5643156
GBB8MWUXF46RCWWDK;18228079
ZARG3KGSGFWR2VW1Z;10106514
VYXW8W85PXCZCY05D;12628537
X7XZT5EZBGUMN6PT8;13151256
L3Y82CGSVB00DSD3S;7924619
SX8UFHATLK23K0CNA;8426297
W2UT7ZG7F653YB121;16431766
HYEA5W3FP1K8YRW74;5283559
7SV7684HHEM8KFMAD;6199722
0KFWBUAHPDUH18KM3;15039771
G1BZ61C4R3RCV7YWA;13619501
70U3NNY2F154NNVSW;12682438
MDBHL8MMX7YLNKT57;12620412
VDHV8BESEM2WWBFCN;7797294
E10LUHAPMMGULVWTC;15061838
TC4LTRV1WFDDCZP14;6987963
8P7KCHTUMAVYDUHL0;16209595
TVGP4M4VSUVB26AWA;15108311
K4HBTVBXEYT3P1HDZ;6021173
764MSHW4M3R0VGK6L;11001509
S5GLKGNLMGDWGKNAC;10849805
4GBBSNX3H3SVKY8TR;15210479
LZRN8VMH6XFRVLBT2;12959554
4SVEPZRWWECP1B86Y;9113323
0BPY5W154BEWVHGU5;20298267
EHWKADGVAD6KUCLCW;7655501
Z5VC4RNCRTLKRA8RU;9763257
EMN65ZUBXZVZ0TK2K;6385324
SCKK4M717KET4BGM4;7596565
W7D0MHM60ASY86Z77;10862649
K80FANP34KE2MN3CR;10539998
42KGY21VEDAPDHT1D;19295814
R3Y1RRU0CGPG18WAD;10599869
SLVNA2YKARDGN88PV;13603057
1VC2YM7L77YZA3XMG;15340847
DX43MYSAF2L3DCHKA;12988132
BM31TGC14YFGK1XH1;7429173
DMPHNCBWBE4P2WC73;8989942
3EC8KGRH18C0R2VUE;14326913
ET7TMAM75B1A3D3FH;7544769
LUASCMH06T5DZ4DPR;13036409
BCD8V2SYGXKWMKZDU;19640855
WG5CRCBPLGB367B7B;7994359
D41ME3CFFMCF1WZV3;13267834
TEMT8XTK82BCLMLGT;10910929
2PT7NG1ZHC0T885R5;9031840
7NUUFAM4NB218EU27;9716082
P38KCFFSGRKU31RSB;17303084
ZKUGREU34RXPCAUXN;9688122
2FHZ7A2HC8F7HYR5U;11943997
HM40LKWKFGRLZKY41;16410385
D511H0KHNK4ALD5VS;14014351
UFN2PZHKKH61Z2CDP;7115524
VK1PDMK82HPM0NK3T;12251965
YAHAZPNSBLUBGDL4N;16851146
7RWK6EMUU62LVB6X1;13386047
TMHUL3AC6B1TPSWSF;9181438
U6PMCXSXGZKM1UXPY;10504408
NSAHRYX3GESS7KC27;15150559
NM4U0XRSHWB8T6XL0;8066868
MTHM3TBBUPF255TH0;9311101
MLGBN6AVKUV7D3L0D;12574037
0YGB8APHXYT8V8H0Y;10898018
AGZFNZNNY42VM5LFW;6652374
SEWF31H75VYB6RW12;12196032
M4YZM67ALZNWZF445;13224126
RRMSAW4LZHYP8VPVN;8694133
W6ZZL6L1Z7U87EC7K;16325236
A5MR682L00NCFMYX1;12542074
3KWSZXVL486CSKWAM;10654946
7CV74W5FV6R302C0S;9060032
2UBKY6XYYD63XYT58;10171342
CGD865KE3HA23WTMU;15975127
LG4A0KC6HC6KSZG0G;15565809
SM2C37H5XSTSB57C0;13231891
A0WSHZGTKF2YUCKFE;6826659
Y6C62M82WRZXPCS4S;10485419
0PW1MGLY5RLBDXDGE;16192981
7W5L4DKEVEBK8AWHD;4844322
BEKMVG4YBHEENDWDR;11853441
W222VDBU2AG5CL0C6;14128855
BHMURUZHWMCBHXMV3;16932334
R127YT6TB1YA2LHZD;11146411
H4LBFVGAE3F1V6TAA;10916995
7CRMA1DG040GH6YKP;13183941
87PL1RNR1T5S8W40B;9627037
Y8US0KVBNLMTLFY0S;11860518
2D512B6AV1R57D5E4;12589629
RSDH0Z7UX1PTL3XZ2;17562707
DW0Z5DTLV6KNB8712;11654019
2UUX38TMR4FFCEW1E;9433925
XMU2NUFEC0SLUNGWG;11978940
ND7XMZSPLA56EH0UL;11635886
U4WEFHZYRMNMC0GG8;13946461
MSPT70R1WNR3XDH0U;15000345
SKLD0DF0CLD40NNMD;13448977
DUEYR2D1B3P7K0P8Z;11039292
E6F07RXVCD1TR6W34;15504398
4WW8F7X5PZ4GMBYCT;10403426
WR508B5E3EZHN2YGR;9099089
04PBMM16CX1ZW75MW;11376140
P8GXD3VW02REWAN61;11353591
YXDZVZY0MNRE1M1KG;12232437
XVPFKM8FSUMGD7P8D;14988476
5CZEZX1K0R8U1GW2V;11133281
23ZK5UV0AKC2X73DU;6674790
H42LAS0BS1ZHNVBF3;16811310
LLM8685BHBZDHZS5D;12293298
5UVTHC43TZZ20L1NP;16251609
PZPLDU3N0347WEP1S;19163998
BXHPMYSDF7LZ2RB61;12256431
5A348F32C1DTN5ZV8;22029735
CM4H7C6AWK6FC5L68;10425852
FAUXTBKLM8D3AK7T3;10910737
SEG32CUYSVN1W2M41;12003683
VNUS8S2UGPBD38XHW;17467772
AR7DWKRGPGRM1TXRT;7865014
0VAALL8YMVAKC117A;13304120
W53ZEBZG0ELB0H8NP;17515172
74XVT5GXSMEKY8ATL;4442117
LWU46D6NLW77784BH;9487960
DD8YV48GAGL6K6RFU;13041146
ETL4BMWP08T3PDM8Z;14633714
LULPHT7N47Y7ZU5K6;11338403
0HYE227GUT6K01URL;11863841
KR1HB0L46C7XX4ABD;11759563
73WAVXTNVR1F7PTCY;14946935
K4ND4TBM6X06P8545;10225420
E6NHBHNVERSD7YYTK;10374092
6WH6KVGL354P6WB44;9787152
G44KSVC3MUGUDREV7;18990736
V6XKAHFPVVYXEA18A;7354964
75NWC2D1VP04HK7VN;7547804
WPRDP2DDEH1VW03EX;13036613
FVLH2LY35W5WBR0N3;17339314
0KZT7UX8T6E1L2S8K;13566940
URHPVK21Z82457SDV;10518690
7KT3VXBVYC6F02A8N;17354579
7A0TMB6L2Z23U22SB;5026159
L6Y625UPWFSCZC47A;16684331
MYCUF6A2DZMUV8CKH;10905491
PYR5BAKDBW8BWH7U6;8747571
ZLEL7FTL4E23WSBK5;9917548
VU678DG6HM7TPZRDF;12802167
1USXC5S34T3G24NXZ;7236731
U2AYXFEBTG1WHVU15;12801091
SNYALA2URNSFND6FL;13169797
WGULXNB7H0GRWKKS2;11512485
3U40WAUH5YSRPD260;12810261
CR0S4LBN75K2WKVHL;8704216
H6V6MP7TPGDNWE6FN;13278846
V2X83MNCPVR444RMC;7330354
LGFL7CBNBM03KMXE5;14142614
YWTCWMGD85R7UPRFK;15963347
U017PA828VZKVWA28;16953418
E2NF861X2W4CELPXM;10241422
NW6YXT3C77W4WLCAC;13099651
0S2F4NWLSUMXZSELK;7969358
S3PDMHL7MVKR568KA;11512996
L0ZHA8SW4X88540CV;12059839
EG6NGD13RHFPW4E52;17202939
6AGE033UPS4C44EXB;8179370
LUS5HZ5S5WPYTH8VC;10261872
7M6M1PBM61NZTVKVF;13281128
5C0SRHDXYKHK58ZEK;7353112
URF7FSLTVRMFL72BD;13554665
PZ03HXEB8UYPRNY48;9114374
8SCG22BM1RGRZC0AM;10451329
4F31R8TWE80W632AF;11867783
0CSYWYV7DKF0DAL8V;9424623
275N473YWD4VTK4Z8;14312546
8MYS1TG3RSVNVHY3N;14363234
MHWPK51REAYMEKEPR;9094667
B6AEBE3MNGCHP0MHG;13100316
3YHSZTB0P5ECL88RV;7639018
18MXC5UA3Y7NG335H;6570853
L1H8VH54RRCXE1WU2;10858457
LSXMB231MHV1XSH2H;12366948
EMP74ZC6RSYBMG220;19822535
K0PG4RMT346A3TMX7;13978545
DCCEHV4TL5BA3C47W;5964713
D6427KZPFAP4CH40T;7403917
UN0URLB53MS65GG88;8925018
74SHB7AXC1UTHTSEN;14036944
WAPDUCF3P5N26843R;8614118
Y4N5W7LYEE36R6KDK;14080169
7WUUPBPEPW7AEUXP6;13362080
FG1ELCCEH7R3P12W2;14263270
VW30HTUZEVWPBSX51;7821789
XTETKH8C5T4YVWNYF;11602500
V6BKYV2466WCEDST4;8828129
1G1NWDP8FA173H5US;18160632
7HT1Z3ZMBHWS7KK3D;8693658
GXZZ64MYYT0MN2UXU;15512710
0M8X4GGZCLU7K4EAL;9644766
VVMB6N6BZ34GB35W6;9479384
AGH2C344NRLFMKK26;11016892
R0WASV40PTXFPZSB3;15880075
TTF1Y14W7S4DTYULD;9440703
UZF47YFXHG85MGD2S;13294359
0LPV1CCD16KTW1LLT;7416556
WYDRY4ZLX4B5NB4F0;6401000
HCEDC76BDG1Y6CYBX;20336081
V38X1A31TFGA3UGTV;15987762
HRG636FGL2WBSVAVL;8192417
31L5ND8N8Y8FKKKK2;11309076
22CDCUKV6FSL7661A;6955631
FK8KBKP303EZGBGXL;16024427
CPR6P1B0UTLPGH2T8;6942807
6AY35MU23BESV4A07;13254745
3K1XX3K4VCGDLEG7P;6784406
BG4GCBX6XEXS0VETU;14765507
DLX0UYFU4YFS6P8LF;8403861
UFNM6MYW7AZYCH26X;8708335
8LNALLU3M4APF7DUR;7728912
Z88RVKL0GKG8PMRG1;16581080
ZH5LL3X1257C5VWDW;8378276
HAZXCUH760HR8UE8X;13232748
PWHWNNWF88ZZB74B0;12147764
363RCXC2FHUVVW1F6;14106334
VXBHE5ZWZVAMTADAX;10604982
U1UWEVTHD2LS7CA5K;11849944
RGRBYPSHP6M2L236C;11591083
RTT8ZNE7FZZ34YDME;10345641
1VYFT50ZF6E440RE7;15231668
TDWGR37CKGW5UUZ88;16864338
KMFWV6VA85G6BYATV;14177740
XGWRW6XPZADE082XN;14943584
5K5HCHW4NAX6F4MM7;9045948
MRWAFXC7FWL7G08P5;11881687
RUWUSASZCGSXGFF48;10962663
RGRYR1XYWYU47UVS6;13762492
WCT8DPB77LNT67N1T;11116295
353TKBK4UMS48UWBL;5695877
226VDU3CC84YH6TUA;12114342
XARY2L8X2R22EURDZ;8064384
RVU6XN88055VY4DKG;7155643
1Y2M18W3BRKGBG6HA;5989628
34M2URMLCWXCWHY4F;5499782
MVSHS8RT3ZZ0G3RTN;8612014
D7Z3CP35Y1MWHM1GF;16947788
4RECD36FPFZNTYHKW;13333082
U0PGF7YR8BVS1NG73;14564154
26GUBUXFUM35PT05Y;13650697
ZPZZ14MXUFDBTXUBK;12332857
ZC033SP0Z2CE5E2RB;12079781
M71UW87TYMR42TL0P;10699049
CK23474E1D3R2GTDY;13839140
LAV2Z7RWEFH6R24ZA;10720304
UG03HNUD4W3C0YV58;5882276
5MCZ3U66KYEZ74FTS;5043388
1W7EEFF8TV7TP7KRB;16140965
DKBXLK7ZBG2FHP3MW;11856622
12T0KCCWHCUAYGXZ5;10735351
ARFHL82GBE6GKVFKD;9343783
W7RZB5TPDH22TPTYX;6212082
VTA7LUYTEGL82BEV7;8857544
8R1UYEZ0R378DLGYM;4518071
37TL7E4AFR68TRLNE;14450159
6XGGHR7ZXFM5KEZ16;9397684
CPDTACWAUWPPVLME3;9569712
G0VL0GWUVMWD0LFDB;9826385
RKAEKYXS8BW82RGX4;7766738
P3Z28AKU2KTSBAM4R;19771305
1DM3ZW142KKKPGXRC;11188874
NUCGZENUAMSZPYXSZ;8259356
RAXZVV1M5M8AWZZX8;10611098
PKLUAG8A1HB5151WE;14308438
NEHZFR7D4AB8XB2SB;11956365
P7ZY26WW32024KHUT;12511306
BW1N73PRZ5H4NNYM8;13099997
54CAA57RPVY3TXT6F;12939751
6BYW7CADCYRW3GSGV;14340511
KXGMLLS0TK05B0WNT;10088989
XVR2Y753ETPSFKHN5;12919712
1YEWGTDU2M0M3CHN8;12783432
HVAEAN7GZSNEUZWW8;11328376
U2VLBFT88F151VWBF;21085624
P6MKUXAHB7M347ASN;18373005
7DX5C5MVFGBE61RMG;9041835
62R5P7PDB2SXUNVNF;11438536
5C41EL14LEK3BUMY8;7764919
1GDCG5TA7PMRVFPW0;11274058
XKSX2L35CGUMTXF2V;17533810
CYYW583H3KPZMHGN3;7258786
704DC5YP144Z7HDKT;12632581
1N84SZCH4F4XV6WT4;15693662
ZSPMYW1H2FHN3RDXY;10694565
LE4K10W6NTNVN8LVB;11002817
VKR1LFDR266X118FK;6544750
TG8R6VC24TXCKZ5PY;6971112
6WB4XH52USM3YNH1F;13935444
UCWKY6N67U0LHXUHH;10062382
FX2VF85UKRPF86F84;15057577
HCHFD3HVVXT8F8G4V;15472337
L6WLEW8DSDWPAS1UA;8541494
ATZ73TXMNP360S25V;8973993
2FE7E0MN26YVEM2PC;12411327
VNE74HSTGS2WR8MBL;18054175
RLKNHNM04V5M3WYFS;10213412
HNVBB0K341FUN3HLF;8632832
7V2RC60PX0SU1NZMC;11439898
LAXX4EW1MFS37BY4V;12817076
DGGV5XA68HEA2F2BZ;13555256
B048C8SC4SZB080C8;9798912
F15KC3WH6TLVM12XG;13352241
UTAX43A31KPW6Z6KP;6405489
V314XCNTV4KF1Z80Y;13653619
HF71BNFDK501AREFE;11863446
VWHYAR50ENC56GXUS;15685915
TDVHLDFADZ83HS4BT;13311467
16MLV3RRTBCN43K2N;14718180
T350DCGP18T2ELXLR;14507736
6T8R1T0TNPWEPSG5X;9152278
KYHDA18BYWP0GMKNL;8008170
W8ZYVEBTYETZN2KLL;5929535
3GX73BZ4F7VVBUXPD;9738209
ZHH8BKCUK6UHDCV7G;18134826
K84MN037AB7V1YH3X;16086266
WWEGLFVG5LE2T1V3C;17782541
ZC5K27AWWG7MDTBTH;13408554
4PLLNKMU5CUBESFT0;13245043
GE2UTSK6WZRVT5SB3;15335119
ZXP685U5B4MWHWWFE;11714368
RBNB068D71HF06E7G;12208020
XGGD2GG7GLPTUUNH4;14356436
V1HC4F6AZPSNTD6ZM;17020992
KV3UUSDBDNWGLBDCZ;13789778
YC2S6UBCAZRYRFT5A;12436529
WX22RPCPGCU44S26D;9604988
V6M5BG2M5F1ELP7YA;8534764
VBSBVYE4HN26YHN0W;11616734
R4GW41TFT7AMHWH2H;12973715
55GFT12025DVGKDS7;15897556
UKZ6CDU4GHZKFDW7G;11863587
7B2FP0Z0UATN8CP2V;10680306
NZTT71DVBUPG5SHG4;10377648
YGVY33W3L36TG2PBT;11309866
7NTW614EZEU1X1DCW;13789464
FVBLUK8ETLURSV5AN;12397833
642FPG4BDLSRYH1GU;8710952
6W0WFRB4E6VBDRLH4;9487016
NG7W85PXPAZ7NWBK7;7108109
DFTCSY2W7BYMZYEZA;17899573
VP652CYU3REAUS2WC;14432937
ZVRB2ELR2L38740PZ;9436567
SATF88WXTSEXH0K1G;5463289
65ZVMMSZGKACLTFFP;8070705
LW62CHPKA5F7H7YTV;6768673
NKHXSKNSX5HFLU2W7;19159765
BF5P1RB3X42RZCHPF;9722668
FPAYXRHPTBKVNA2T8;6953254
H02ZAH63DHCTWKCH1;14167931
8R6TNNNSFHLWHACYH;14097723
MZLRWW502YFAYTESD;15425817
XS6GRXHFFYB8CF2KK;7213830
N7PTUP5Y8RWAEVDV0;16679540
684WYS2DTYN0BZ00U;9629443
FNLHA4C7FCE0SES71;16127538
LGBKM5P4U3MM47WHV;7021841
GP5H0DK4AR5Y5G7MS;15362609
HRBXFCENKCVPLZANZ;7042271
3EN5CEWSU3PRVB2BY;12444832
14ETTCDSDNVX6DXMV;7074194
X4842Y6GPSDHH63YW;11198160
2U5R21AKPFEUXHKWP;17211867
7YGX3GAX0BANHKH34;11964878
H8FXDR5U26UPUMZ5L;8050143
3HMMGKH1BX1V1GWMV;14783914
YPPGBA1RSWAMLV43F;11819594
T32BYNE4LFZVEL48D;8742215
2DVNR83GBGM21FB8R;11637448
RUXKCL465CP5L23E8;10735607
1HXEK8FZZFN2R1G30;13236543
U884UTB1L7330TPRR;5083141
U3KFHW1NR146TZX2R;14047830
7GN8VW6DB05G6RPCG;9879421
UDW1ZMES2ZYLR2YEW;9011465
20D86KBGXYR8SCCZV;14031392
CEM31ZNHLH26CFU7X;9503908
3XU07L8MKXN7GNZDR;17410666
DB8ZH32YSC37FLLEZ;9299068
RLEYKD3EBPTMABEZ6;8913245
DD6YEP7H06UDFSLCH;9502462
HBBG1G4BV5VPF3BR5;15145160
TMC65U2V3MV3UMT1Z;13037134
CN70172CCH3GYS2XD;7348987
0UNN2HPPB42UZS6A0;10313277
8ENUH3RBS6KKUTWUW;14472680
V5KFBNNWYS2PS11MC;12147071
AAMF0XZWW4TLEV2BX;12972922
2VHZGDDDUBWTN55ZW;10175841
UH046HCCNEEDKLY1Z;6999732
MZWSVH8GKW6CF4K1T;9213338
6T1YA0CCZLK3466W6;9397941
B8GF0BC5HLSS5UXPY;9965714
RFBF7CHRRX8GEEZSY;9857927
2H5HH2XTT1XB4TRB3;14281529
HNMPCLK431EDPFEK7;8122743
7SPMWMXRTN7N4RGE2;9576077
X8B36D8AZ7LD3Z8XA;10413053
25A53URGA8KDGB7UX;13801656
W0XN0BENZGLF31EWX;8115219
D8NUCZLVS8MCWX224;6867215
86SUWG4U03X7N7AS6;11894999
NCWGZPS7MWVRC1SBX;12702903
P7N0MUPU2LK0GWH0D;18352418
V65SREXVPUY4GHDU0;8271903
1WX6A0W8TNHR4M25E;11882097
530W6K3ZU1PKFBBT5;9576679
0AS8E303LXGEZYC86;11953030
H2H3BUXE5ZHVSYL1D;11795819
GHADUXFXYZAKAMPHZ;11205074
BCR6ULMC8NBXCUDDR;18711531
5TX3XVSL4L1N7VWR4;11928630
FST7MYKC7HMEA1LDR;10608710
57KH7Y477EURESYPT;7741517
5D1DT56534EP8LUUK;5703535
48H84YLMHSX73263G;13866074
6FWGG5ML6ZL5YFPKE;15035311
VRSTR42ME4DBTH0AU;12082697
TR84REEC52LWY0R0M;11696072
UMDXGFEB1YW6USX61;12349356
MHAEFA504EF68RCZM;8976026
UX3YZ30ZUPK5V1GYL;15170707
4LAFSLC5FGL6TGUVV;12412371
B0TKVD4NCWAR2LECH;6323277
M0RHYK5SCE5PLM2LM;16201391
8WWA2Y24PZXNG64T0;4730367
13W0LD5GLPRZ876CH;16172008
C53UD6AHPZ1B1RTNR;12517839
A4DZ58SKS5M5LXCK0;11295888
2ZM71PHUPD0PC3G1L;9771750
UZD8HK8GHWYVYF24G;18875724
B384DRC0EK2U3R2DA;13009325
Y2L033FUXFM2W8Z3H;12781277
U3WPB50MWD1G6T1F5;14267330
40W7XVLBYUFCSF5T8;11108687
CVVBBXTX0A512N6S8;10612352
PWUH1DDPAKBTSRRD8;10845134
YZB5477VNSYN4WD5R;11073139
C6K1K2GKEXWPDGZAV;12311236
UTFSLVD5DS7LF2PXZ;12675066
GV584XR86BWACTCGV;15490434
SB7HAR38ZEBS6ERZE;10847517
0T7USPP2GCKTCLS65;9304860
HKLT7DSGFTW50FB2B;13192112
V2X6BSCL8A2X30NPX;10144135
VBFWAS34R0UWRTEDP;7292250
C6RFYCRRH5ZFZVK00;9193763
8MZGG7ALL7U4C8GXF;16255825
TPZ4EHSYYFYGR58VV;4270395
XT4HASM4AFCY255RS;10165859
PGK12CDREXAC6HNBK;10949258
EB0HPR3LAXH47Y4EE;14219608
5T0WZPZR375LFHN1S;12780101
5S4P23DGNM3PGULB6;15426073
1S8ND8WUNG1ZLB704;6667075
MR2RUXA1A75LAEZHS;9525221
CDE46HAZVX30GRV6Y;7927788
2NRAT1WWASW7MF8PW;13849946
8G6T1EG4GRG4DDX0T;13672861
H01CD77ZXHEUE5TXL;7328681
7GP6V53PP2USGL7Z2;8865718
7PNST8LN0CEUTK63P;9443628
52Y2UNB5HX2MEZ3UT;12419651
84XW6Y3MSU5DSGHNB;7617876
VD2TYYFEUTFANA76A;18499154
BDLUD0SD3KB42N18B;10821262
N6G5HBESYKZCC5VY3;14791429
BDZ0ZC15LX6065AKF;14257653
6BDD7MMUPLXWT1F7T;7781628
4BMVZXBN6FNYYVBUT;19650956
THHA3ACNGPGYBK1ST;7020159
5R1MUKSU3P8MLBTH4;11805485
TMWA3Y7D8DB1SGZE5;9661757
GNLLWXNHKHYRX5PEC;9703190
41PVEARL2AT1M1DHY;6148575
57KG6XVRKYD4K21P6;20003964
DEVYV2MPY4XY0AE02;18022237
T0A38VKMTB5P34SVB;6540867
7BA7E6LGVZPS1FGKC;12072331
ZY0GZL4GUB556M63U;9086362
A46CYKC1U44PK75FA;6281685
2KECCCHTP7ZUGFRDZ;9227313
DX3Z154N1RSS7NGKU;17418032
FKF3GR01YSNAFKH53;7664410
2AA6ZWH6PX8058S7L;11652650
K12HWHZAWD472W1DZ;6290394
BLFSHC4DS5NXR44ZU;16461302
LH4TLGZ8CBDX6X6BL;11023531
2MMMY1Y8CCKFMAEPA;17305286
PCZX4DH31RF1HMNBC;11796843
6565KVZTD1VL0MV74;8907964
37RSGG1E1S2C4B8YB;9985229
MUNS3MD6DEGG74H8N;11015117
PT423UN87WE5WCTFV;12094263
DT7X4DPA01KY84CG0;15349758
BKCC4Y2GKC7KS1DXA;17481403
RKZNNES1CNLE1124V;14413692
P0T1P0LDEVMNBGL1Y;17822333
5MVP5ZF8PAZ1YZCCK;8428488
D1L75E6SGBCB8T3LU;14335705
3X731Z4APUG42M6EU;9862231
MD3S405U8W1Y8HYBW;12483122
HB3BUYRMLRHK15GW6;11093753
SRG8HLCX5X061AGRG;11311342
SK8317H5FC6MAFYPG;11106336
FZ235APPAASF888E6;7472438
204U8E7W4EXD0HDC1;9649326
PKPUK5NAEU4SV2NYX;10833424
XEKCTH8SHZ6ZCNNPN;11147527
72DBNSUASECMXR325;17546096
YPP34WH3SULDXAUP2;16724646
PKVHA5FYS4YXZ6NM0;10922069
E7N4HYYXU5C6P8NTS;10755961
N60GVHCNG2MSFTPC2;16331709
GU3LLVEHGPA2CY51P;10887484
7KXF0HKMPLLYA66V7;15301292
E1VPK2DPCHAXVDK1T;7191086
8MNL1H7BKFA331NF3;10805199
S5NPZKLTLN2A8RSFT;15230040
KRM4GKCTVK01GEX31;11231217
GPVDMLFK2Z53CKS6B;13139697
SS60HUFXMGR1W7L2Z;9346921
DWWLLC4KME5SGNFFG;7612745
7E5TWE2KCEEMRTMAP;9365066
SM45CKFUXV7DXTN68;7864054
RAM0MCPFYED73TLM4;7412135
58BZFRY3FBARR8GD8;14824274
RUGTR7E5RDR2HUCRP;21652381
C4FN85XLDUGZGZD6Y;14239004
S6DRSSERVWCKRECR2;7405148
V5YS78GACHA02P8R2;6665094
B4R7XCMLME5EVUWDN;11403668
S5NVUY6YD8LZ1HHGL;11785577
A7HGU64A52LS65AMG;13672119
1NX3M2EW24V0AVHN7;18041632
VZ2VRXY8SNT7WRB7B;10818289
LSUFXUZFTL6KED4LF;5203794
8RNS2HS2TGZ28TB6K;11055586
UHRNAHMV0EGM4L0VU;12029478
XZ8KB7W18U4GCXAL4;13293206
XERRVVPZRWPTMBVUH;15290259
3BPYWHVXNTEEAN1X8;7629666
WEW0E43YM3GCRRTCP;13244414
HW0NBWFGRTLCKT04Z;9135339
XURFCUF0GFCG37KKX;15641728
Z73ACFLL7P4SLNSV4;22458022
R4CKLT5FZ62LYL3T5;6826534
KAAWZT4EBFXKVB3H6;13741053
ZYEFPEDMUY3A1SC48;13225813
KEX140XUG8ZDV0LEG;17655733
EZ6ADHU1HP1CKR6UN;11283996
EXWNVVWUELGMUF8KH;16412589
GDB4131TYK5WL5GMG;18178201
YW10YWXAZ1EXEYRYZ;6639491
EAZZNSNXCW2M7PG65;18376635
07AEBC0FTN13SEXL7;8850145
YWZLLNLSYPVZM7L0M;14183089
G3XSYELL44EEE7KVR;10397978
T3UZ3H6CGAWLXB4Y7;12497205
PYGEGM6PFZ8SLRD74;8637995
ZEXPR70LKRFE83M88;11897141
GBW161ZX1N3HAD0D7;13642231
D5DRTYHN0F6C7T2EM;6806325
WRXBLX4YPPYAZUZNR;14293501
UAZBTSRZN86UDAZES;13847017
MRBH3CPT7GCBF5VPA;12052989
GASCPU6SWH8PLB4HE;10090153
4DNG2VH5DFCC2ZRV8;10726053
ZCY5KWNT3FHLHMH2V;10364757
HY0TPRDU3Z00546AB;16128972
SREFPMZV7UEK4M57R;9363767
PKDLBG2MB5N2Y0K5X;7427527
PCRTHA553R1FEZ62X;11438019
RTBAZFHXA0P6L8X3P;10486846
4E5VVNMHGCH4RN3WX;14510234
2CC1S7ZYFEGBP0CXG;8794524
GM7A7BGLN46CAPWLD;9391866
RX401H166HMFA0NG2;10610396
P7WTXRAPLLYNPDBGS;7897282
73ZSWF07MRF7K2EAA;15149031
2BV5FS3X38EH31AR1;10139002
7TATUW775EKH5EA8N;13800713
MDNDN4RW0T17VYLWG;13589809
UTF54KDT785PL86YG;7401588
8AGAFS0R8NR38M6CV;11506486
RT1252AC772BA72MB;8958065
RPDRNX4E12FSZXDCZ;10799144
GWA7UTCUL8LHFVKNG;8012275
S0ANSHKB4HY1NMV1F;9810130
11K7MWKMA50TP3UUV;15432786
ABMEXM7FEFFZGHVM8;13779736
A62LLLX6DRX5YY2W6;6609804
07KVNE40V0MU562R7;13330577
5VNRDYZ8XX88R11AG;9456473
ELL5PZRDFNBU1BDDV;14616110
Z0Y4ALLDHP0BYWYG5;11821589
67PYK8RGCR1BG40D5;12439233
PAU4LFM18URDGY4VR;12151596
EYLNG8KHMWT1PEE7Y;14039429
RPVGH8DFR5XDBGSUR;15493446
7USENKU0F5DL37G3S;16159047
7KLPWM2Z5CBMMY4PA;7100284
14ELWT7G4AYG786HM;7070639
PN2GU1AN48MLV46BW;10884624
XU2U6PPCXRMAZPDNH;12281829
78ZZTL517PZ30F7C4;17476154
5DBGFDBSK17FLRMLW;14911809
TUWXZ8YHLWHMLLZNE;6847410
HPF3SAT5VB1HXKBTH;13727737
YUH3UZ8463Z55RTWU;18585262
VPYXKEKFHWXG2PTGK;12459818
WXV4UHU8ZNP418SG2;14326129
2VSYHS1W8DCEC2XMH;10880570
CF6U0RLE6D7ERYF5R;9083862
XW12GRCKAZT0FPN7M;15280392
T24MC14RP610HGV2A;13726432
VNNRKNX8SAY8PUUPC;10125072
DHGSTBUL0DF0WE10D;11916283
ZU82CRGHNUCLCELRF;13745111
MGDZ6M7CS8PRT5PZ0;9862265
5TT0MD877847N1Y8V;9408209
2EESRUSC70TTWZG5Y;10251388
KYZL0V7173ZBRCPGT;12252319
1RKZZSUGMNNXYK6UB;5680077
7F0SLDZNSPDFR632F;5564231
11NCE75L5DDNZ4WKT;5459152
2DEGG54MV57LT3EAK;12521443
R161K5PUCD618CFUP;8746227
UPLAVMTSCHHRX1MH6;11731901
DUGFA7SMWVKVXB3T0;10214802
ETZ20YL7FNFPG3CHA;15564984
RKU6BU73ZPC5KC2GL;7037386
A5MY6E1LCE2LCXN10;13517921
HVLHZSZZ1KWMD1LZC;11228301
ZMTR463703U8S1ZN5;11597586
0CTSRZYE18X6B8A6F;14687156
BBS5S62AZ8E8N5XNZ;10945917
LF5PMYYRW463RZUAM;9416598
0MMELLX47M5D2YLN1;6319652
LW3WTATCVYXV4P2FB;22067147
PV22H76MXZ6LDKV88;13051782
MAT2YPKB7USKGV0D8;9016272
ENT6N5TS8FK7TBTRG;8733714
THLS8KSFS0VZDBH15;13473701
FCDCFATV5A42TCFHE;11985456
7BGM2R40S0T87ETB5;10777714
4WC3XNTKMHNW1LFC4;17009466
BS77VLUCRM1UMH0S0;21865091
EV6ZF6YC1VM2R1AG1;13205254
DFFLYEAAFT204VPC1;9932378
HX72BVYDB16HPCYFP;12826080
7GWGEFG0RRLLLPXGK;10646988
L1R7M3SVSPDGER51B;15513550
2FX1F5NPST65ABESH;17111024
A55KCBYYUNBEY38YW;12552122
RXLFF7YVGBVUMHED4;10566696
1GDR73EAYAGR6YCMX;17548615
3WZ7U0F1RVDGVE7D2;19459205
ZAVD5YUE04EGT4VCW;15485826
NV24XVWR2R3L0MU1Z;10233707
MK2LK8TP2E1X06WPD;19316333
P621527VNH4EEMZ3B;9819662
Y81X76FSACTD0CL6N;10152263
WYYW2V4YTA66FAWBX;13451590
XBZRCF3H707BXNDPH;16101575
KGY42YV06F4CCH56K;12638873
4KLMV7LB6U7ABFKKR;8938049
Z244HUKPG8UYW3WUW;10566339
M6GZK4W3E4ENF1TFN;15567274
RL6RS8BM6TC6T8MDL;18450496
XAKWU7S6APBCP34RH;14911034
S6C78C5HREEE7A0M5;9902913
7ZA2GRK8B70YZ1M4E;18482884
FEYD3CZSEX3HX1C7R;15369853
1BY38VLMF3KXMD10E;17911469
XN2WYNC050X6ZEHUT;16095401
1MU1GXCRKMC1PDCNN;16901684
84CVUM0BH204AWNXE;17234668
RCACFVXHNE62S3CBT;12968684
W4XHDC1L5L4TLAZ2C;13645495
WWWWTAHSW7WX1L60H;10598120
ZHDENGPF17A02ZKBM;9378453
47Z8CSY11WRA2KYEU;14581456
UM1BDT82CYAC1UFH3;5942909
UK8X6MTPFWZCY4Y7V;10557704
FFPMCHS2G3RZ2HNP4;13667010
M5BYTVXSKUZ75VD5D;14059548
RKAYUGXNGCWLNEU14;15438620
17FEFEFECMGMXPX2A;15253591
MS0YNKE20ZNFA1RPF;20562179
N7YTLZ4A0ZXP5R7V5;8584575
YELYFTSESDL42AMGC;9834427
UXTFF3V123LKL1UT0;6653967
AP4URG8NG3D0HCH65;6466561
3HTM73DH0LZRBB18N;9848050
TU81H0GBML567WU0N;7618250
D41XEYRF0NEKFM8KA;14587655
CR7RNXXMWY17W6YNE;11379817
DKFT7E07V17MWSPMZ;14813628
UVYFA8XDWZUNXTD71;7109500
4KCTW2UU2ABXRXF2T;15819450
7GTCYAK2K1PKX4CTR;13688069
GYKR6LYKNTH55WFFX;16316220
XHKVZFT5EBYAXPZGT;17137137
A4DBFHF75B8FZEALC;13676093
WK5XD356VKN3ATCA0;8162681
TK32HMA6LSKA06GKU;8038840
0Z1AL7HSUHL1XAV6S;8749638
Y2671L7TUPT50H72D;14314417
H0SCKEW6YZC2EHLWP;12193164
38T4RZH73ESY8666Z;12823731
U8168Y363SCYN5V8G;8495534
WXXYA48TZCWPSZ7H7;10899355
CCU0Y72URU5XUKN54;14100954
23FHEEMMHM6ESB63Y;7978715
U4YTS03SF76Y3S58Z;7909796
WWBV8CS2B645XYB6D;14454188
FDYD8R5WHR5TFLX5A;10391765
PRZGAXSRG01XYB71R;11531253
7N4NVC0NN1VHNN6X1;15559289
ELE82DVYU0NYLAF60;7211697
EVBSU0A7733CYC005;12455084
LT5CGSWEWG0WFV7YE;17921210
4UH3YP8B0TZS71W11;10547997
V0YEAK2AVX42KVFS5;12948271
VMFSVDFZKDRFBNY0P;7314328
1MN0W18N538M4XYG3;11160114
07SWB27PYYXEU2FVF;7126965
MCBFULDD2X8FCVBBR;7498192
VY205HGAHU6FLD0VT;12061027
S4Z7P8MBYARN1AC0Y;9502889
GH0DPULGK46SX2GLY;12507527
XC2YH3TTG2HEX4FD3;15244531
FLGWPY6FRLP7C6CKG;9617779
LMUKDU6G4C85ZHGH0;8806719
CU06DRXA1F4FW7RKU;9302484
NZ44VZ8G4T6BCTTK8;11756765
WKUVPZ1YART41W4KY;18746906
MLCL4L6C6BRAGB0ME;6624999
DE4YAYLV3X761C1P0;16578509
VMLTK6Z5DM8PUGSDA;7992330
YV8W6HPZE480H3458;9721796
KTVYUTW4MT0PHKZK5;12870460
W10SGKL8D4KWGLKP4;12490367
E231S7U3X4XN8ZX82;17778491
LF1Y8WAA38TPD3KE4;6928982
AGWHMF4CT34FLUYW1;11493202
6HDRM7FKBTUAK4LTT;11462907
FG6TS3N53BWUL7GLS;5080802
ZDRHSLVVV3ZL74C06;12398881
B7FC6ZC3FC26FXDA0;12724988
6GNNPFKCBSFFW8DEL;8233412
LSN0ZC4FVNPU7TLB1;19563225
8V5SMBWV4E77N6328;7918256
RXV6G4T6MZ8U6PYDF;10943513
V6AKETZ314E7YC3B0;10925453
DBKBL7ECXE3RWN4AY;11274840
TS0RTWSF5HVDTK38D;9053414
3GM8BS4E77D3EAH4Y;10780131
TD3HMPNEB1KWPT5XS;11876275
F5H0ZAC31YPEZ8LUB;10067036
WTSZSNWLW4F7RET21;10906196
YYNXMV3WMX80Y4KRW;9895296
H12E3XR1K2VU56D5R;9018799
83A7EMFAWBKX75GS4;14273394
TZ2APZC523WK06S6D;9655865
8ZN1F4MDLBTP0G0SM;15546586
K3MZR651BU34ZB6D5;14963198
KFZFDBYEBZYMDH1SB;6866340
451LY6BP552NBSN4P;10525885
KYG85Z44XBRR80WHB;11470902
7XGGREU1R5WS7Z4AM;10113848
D6DYSXDW7R3F2577X;8886349
N26PEYPBWXNKNYFGU;12874675
3NNBL725ZVXTR78G8;12101884
CX6DW1X88CUD6LXNC;11210947
R3V41TGWDKBMH157C;13679778
WL2VMMY3GSFW1CC24;15300015
BFPN4SPGTMRU75HTN;14644614
XVNE20V66K1EFG8NV;14380239
F047PWPF0VPRU7HEH;13651934
MHTWL8SKHBETEW3CU;9732422
LRGN7RYB0TFZMGGHM;6317813
XXH6ALAGF8EVKHAVH;10599840
APFNXMMUR5FN8YX5Y;13566276
EER3CP7CGWA6LFX42;12572623
YBMFCGXFY7ZUBCWSY;20878780
E25Z42UWAMD5V2HZX;10136995
V7HBPBEYR33RV42GD;7357141
LWFH615H863FCBZ3R;15374671
442APTKRF2KMCSE47;13833638
R74S4HXT125HSMFCK;18262799
SH5YG0DAZN4FAR4S6;9627598
H28XYXHKSN6HNM0GU;10669007
EZ5VXTFUXNZWL4B80;12355880
B775W7R3TRDSWKKSE;10556721
47426BMGCH74GGXT1;12178125
WREPUKSN5R4BGYSHD;13614118
L4LRDG77YKKP3SUTR;6181666
L48ZVUYY2GN26H86P;10205227
1BLMEE6NM3A74LLFC;15482723
T073L6BVGH82H63WW;10432357
40CWX3CDNHDSDH4XP;10917012
4Z8XFCG3VM6DTV0NH;11255995
7VF7VC7RXVB034K7D;9838612
1Y8CXNCZ6VLSBCK02;12895196
LM8D8YU0WYUUT62VS;12855515
6H13V7L20LM78CGEK;7513063
HZUY583VPX8G6SEFW;7702388
C8FCX147PYFC0ZB7N;13883927
P63MLA562PGAUUFH2;15797119
DD0H5A70HGY12PP5S;9380821
UEF1VAUXWZ1AR50A8;10060925
W0G5DWRHH8CWMTXBE;20493070
BMYBXV0FA6V4UHY81;7880712
NBSB53TBTVPPCEM54;11899907
V4KLMCLWX3BMYK3A7;15262065
4YKW68PDPV4ZYV7S8;14033800
AE62Y121A3MLBD47H;9988678
TR4AAWGLUCESSMMN8;17503404
NZYN2AX1RAP7T3BPA;5416159
3N6ZSR400RKV75R77;8588205
PH7FA1WGKRG2HFFT6;14270844
P6UMEX3CXY3BANWP6;13112959
SW1HW18H1BH86W5KW;10580456
10RM37UXHWB56NHRA;9684445
R6FWMUSR7G8NDNY5H;6738137
L5WCGX7G0HP676YUC;9260840
3S8SMP5H0H1LB5SNT;9389839
YZSKCPEMGL7AG4ULU;8713880
V1W5KVM2V5NES3WE3;14138953
2ADW136M86D2YNAKK;7469905
PHGMWNRNPTZE3AKYU;5691751
B8HABLLV26L3W6AWB;11340626
88V4V3BHEWTW1H6BF;17688033
FA3H11D0NA66AWVT8;10782864
6H5K8N8TC24XWAZSH;12270274
MCC4YKZH5LFTZTHH2;20522514
URBBTNY45CLC7TMHP;18707194
K37PY3KWNYPC4NEBZ;10752900
HU1B2LWWG8AU213ZU;11422906
FH87XY6UAPK21A607;15363206
FN6DL8TYE4YVSK6NE;10108964
UNM4XYNFBWHZYDADD;9983002
GYLTE015GFBPWWVG5;17328990
7SN2FN6UZ325YN0B2;10498611
DYCYHH2ZFXR2CPHN3;12661875
T8R1W8YZ2438KET0H;10642779
KGS4NAFG6GNE4PUL2;18837940
A33VZ5Y6ZU8G104CW;10154410
LF07PZMXE7ZDV4GT8;12163120
17BTVXMW1XP5RVR1W;7310566
WEW187V3REFS7CSS1;11522245
KBE1T80HX46726U35;11016014
5YASVZPSPU38XU66L;10293831
ERWKMBW8YRWPYLL16;16189236
4H3VGGHRFW7PKPHSC;12225721
X4XZ6VF6SNLY287DX;13811363
WM35ZF388WU100A6A;7771841
FFV7P5HFMZ0V456DN;10290332
8VZHZUUVXNHVRRM8T;7951324
H71MKXFPSZ0UMBDBR;11286694
X1L5SZBVA5WV2MW2P;13462943
WD3ZZE6XRT5AVZHAE;13653167
4M07K267CHAGKRFFR;14641650
6LWKPNSLY385B0TYV;12876338
EE46HUMAL6C713K1D;10192814
PSL3S5ZBX6MM7TMXZ;18669359
LWSVERK1DRWC28SM1;9297893
03ZMY275SHTY4WST4;13480833
10GLC4NY3X6RKF2AT;6948783
02DZT7L5F7SVPU4HK;12482835
Z8VA2ZEBBPXKENGYD;14808400
2D36PE7VUCF64AVCL;12406791
N4Y27TVWRSGB2P8ND;16181409
V224LUWVV2062X84L;13493081
GS1HS3G31TZX1DVDX;7267140
YW32411YDAT5Z3GVB;18617448
4MUF8SN27VYW1G5HP;12943207
7G4KB4885NG2714Z1;9859052
BG4NLF5R000K3G5HE;13937093
G7RBRRM8HHNUTDDAK;14831293
BLDA5A28WBDZ5AZC0;16510172
3VBD3ZU5UECVTYTAP;8502594
400VDW2WEGY6H3K7M;9552599
MN7V1E8RU8R23EBS5;8061470
CERWH1BWU1XBWUREA;16790285
8V5KCR6UXMLVU0XBW;12976619
HD3WMK2TDZDZK3Y55;16840889
Y35HT07VHPTNG4UM8;8686393
SPSVHAYE1RVXWEGZ0;7990506
012PFBYS3GEKERUNF;11901776
1LCZA6U4GEYHLXUFL;17199741
T54G5FLN7GWC74BC5;7234555
7KANELNDTSRT4B5P0;9920352
KRLTE7CPHPUHH0K31;15377601
CXEE45S1FS4AVSUXE;10064079
NF0PAR5XTY2XS3NCN;11853938
W5RL6G7MNXWHSFK5T;10820842
BS1RUBPAFXDWS5NCL;15802397
PL70MED65KX46AR77;11349803
UAL2THHW3EUG66PBB;10209558
WWGGXN4H2FGWC7KMY;13530788
VHBRNVCSZBR6MVPCY;12067601
FVT6P4XKUFVK5Y5NB;4851432
CH32YLNKFEEBFF1N4;8419986
3PVK6USGPTKT02R2L;15285036
WT38483P6NBXT6G1S;11977293
4NWNSRN2AMP8GZ3NF;7296423
UZDL8254URXBYEHCF;13514110
AM2LBC7C2YWLMGRGP;9482716
SBZ2TTU47M62W80Y4;17520915
3ZDXFLAHAFBRFW33B;7919390
PMABSFDB388Y7RFZW;10214790
3BVZ6PVB1RP24U2XS;15391150
AGC8MAY7B43K3K1BS;18060585
AEADFK38PE45MU43V;15223887
XLYU60D0EW10MY8FR;12407750
N20ZYX4W8S1AAXXRF;8963920
XYTZGAG23SYSVC0WE;4958645
DFCCPNFV8M72LAZ7W;20996560
RLGEE8G3M6H80E4D2;14709910
E2GXALWRRSB6HVBAU;13238297
R7M3GKZ6N231YLP7E;14334763
TFH0WCD76PPCTDGEK;10524583
4S6W1M247HN606K7H;14627490
40YH8KYVY2XAHBZ6X;14790690
3SUHDE6MDNKGTZ7LZ;16135507
RNRRB046Z5NSC7ZGG;8514045
PNWFM537TD5D4R6AV;13599515
SNG6KHHELRDLUMX7U;13442207
1YC5MV3F2HKW0AHYG;13952801
YD4U6T6XST6S1H2K3;20977155
RGAPCFR47DCYGTPAF;6189533
PA1LFAUMY50U2614R;11000866
SMA3M8EC4LYH1MAPV;9943120
WBE4R0F422W42LG1L;19467522
YBDKG2KZELY0HY77K;10732391
BHSWYZA5MDU18PNNL;15740969
3WW1GPV5XDFYTSV46;8522301
1SDM7PBF0WNNZH1UY;19171206
UKXMKD5B1H267WZWV;12405361
UNUFF8FKVLRZ0BZ30;13709889
PL3P1XSXCUD2W667Y;6964297
DEB411PVR3LLAZEVD;7379826
H57F4VMPXL2WU671B;7827484
B0F36GSYGGYUW6ZXZ;6643151
UABM6ZLW33BCT5XAR;8856238
TPM7FDEDST8MRXAVL;13076680
XZBP2221X2UFC5R0V;13742386
MMTYKHE17B21E44S1;7754257
D45005XYGRFX51YCE;11046491
TEYPWYRXY017P4M7H;17589391
R34XA4NDE8GPA8AKB;8511478
HSUN5K158ZP5HY864;11102854
G15LBEKNC73P44V26;6774863
E6NZFW4P5PG83YRTE;9194280
E3G7KZMCHN7188XYP;14693997
U6L3NRLKKHFU0HNYM;11228889
NC60RAYRNWYKE0DZ7;16552649
7Y3YNK6846KPS767U;16492545
5WBXA6KCP2NC2P26D;14960156
32LNAZ25EA283X3Z0;15732554
GC5X4ZRCKEG4K3F0E;10005016
VCC3BFMHCX8C30ZV7;15284484
W3MNDBV3VFWN1R787;13148769
452T01HVKXR7H2XTT;14109656
WVTW65GC66H6NSH55;13200045
816AKC227HXTE22WP;12888408
4UXRFVBX5HVN4N4LU;9374459
NPHZY8EHH74TEPSP8;7341180
H7GCB885Z5VW8Y30K;11146373
XF7NR740YVR82R74Z;16517240
R1NHC68X5SGDSWMNN;7756887
TD7PL51E6XCZMEKWX;8102816
UL3YL4E0YE15C8U15;14691021
U8115WY8TDXWNLVD4;18298652
0ZXYLEN20YPUBTE3F;16506388
W3TFMH6WMRVCY8V51;11449881
S0P3N4WMWPUWD24NR;13324027
1MPAKMW52SBET0YZX;8996684
FA3NY0XCMLBL6AX25;5876632
ZWLS40SKH6D77141L;15762077
A7XCYMUC8YCMD6HPR;18896887
2TAAUW52RYHG2V11W;13610477
HXBWTCZXUSH5S82SY;5649525
BFNCKZ74HZ3FRXXE1;8456572
75LV3DZY77XYYXXX8;9408422
RWVCL7RVP6ZABLF1P;12834551
WAB71MWRKAF8V0STL;11415905
PBDMC7K3EFCUEVT2P;10992140
LWE8UACXS0XL6204E;8165408
Z688YMUBXDH13HG6B;6098359
RVL3RVKBDZ6AV6H4A;9788986
GZ3F7X482627MGYXA;10111586
35S65R5LLCW3W5438;12145850
4FE41KWMGRMPA1MWF;5448208
G3HGPH60DTPC2LCFZ;9083666
5RCVRRTD738VCEDUW;12189504
WX6RKCM63DSPBRNKU;14587172
2VS57C11PPV5ZTET5;7647447
WDHZMNK6V33KT12AD;11905948
SCDLXUP7A8UGNK3MA;14756500
0UN3X3YM3AGM45HS0;9292302
EZD170FC20LK0F8LX;11523284
K7RK31MXTK5T46ECA;7123298
1G6Y41PFY2N56U27W;14272217
R8UH2DPTHAY3D4YZR;13860613
NA330V1HZKSMWK22T;9048960
456YNA1P5EP1LGZEK;12254361
7WVZUKT128Y42CZTH;11311938
2KY282KVEHME1CN44;5648571
7GSRLKCD0586X008W;9651221
HCA1G6M042M7HYAY2;12221676
B270143TCZ67W2HVX;11475872
DT7DVMP8YMHTSDHA5;12394066
1K43ZGU0NZYCAD8PU;14736119
1EMR5RAB5C8VAHXWY;7752066
N7CW1KXK8DPM23K0Y;16926806
LNCMB7KMCM08KYX7Y;9226222
KKMKSRL4GK3BYD014;8075007
6YHXV7WDS4R6FD4MH;14314712
DBY1ZNNEYVYFRUGUC;10329738
BVGGGEW10XEG2KE0U;10886553
CTNNSKAA8CNYCHSWY;15683176
UZMWVURPFNV26FK32;10595580
7WMC1UNGBWKMA288D;10368362
S4T2GDBLFL4ZFY8G6;7217943
3VRNZ3VGHM0ZS43WP;17488110
PU7URY788666V6887;15722249
ZAWSS2Y8P3NC13GHS;6092964
6T30EKDLX3KWFD8PE;10377826
LG24SKB8H86K3NB7F;10991790
L1NEP7WS4A1CZNP6N;5378751
1P472LNXL7KYR33DC;11271995
UM6E6G605418C6V6L;12157036
L8RLN45LXBCWBP4NL;8534438
2B1764VN63LBV4KAE;19960543
F3NSEZD55TCAEX376;10023508
832ATU266TAVCA358;16233797
FZHKKF4XDYUCZ6PEY;16063858
Z6VN4SABVGNW63G5T;11714265
WH1SDM3XR8NGFCGUR;13161951
CKL1A4Z6HTU4DLS8C;10945996
P1ER3URS1U5U4EG0U;14040515
ZYR68LCUAY5F4BV3M;15980976
8L461P140EUT837UR;12237322
TGBLF012ZSN6Y5YG6;10655879
HXUBYWHZDFRLXXYVF;15147213
AC43Y13ANU0HFDLNT;16544813
WKZB80AKCDMB3C6L8;10543367
2ASGKBAB87E4SD3L7;8475383
G3NZ5WARFX1YHX86V;8015131
5XF5N5FCZ44MTUZ4H;16276159
MMEMPTLFFU0NZXN88;16018500
243YNRR6L5GW02RDE;11958651
PEY2P70304BYR2548;19178812
H6CVSE3ESD30EW4VW;14071765
72ALWSNNXUCNBTB64;16303064
VX313030T8V6XA3UM;7730535
3AHBP53ZZY6WS7CYF;15341934
GRDPTD471XBRTZSA7;10017501
E7D4HSZ1ZUX3VX8X1;13955290
UDY3AVGM0Y5NZ3EM2;15907260
S63WL6XH1DSSKT8EN;20182816
5RZGU24G4NV83KV6S;16596746
Y41MHMLU8GUZ86V88;11905015
PSED0UG6F66CSX14G;8364793
4AD85AB6HW8LY2SFP;12236609
R24LDYGVRXXBN0PEW;18226253
5533PHGYFY6E837Y1;10940597
81P0KN67VP1LA5GZZ;13738788
GBR1SX7Y4Y6FMX6HU;5335756
0YWW5YUGR121K8G6Y;7400558
8F0T6DVLNPPGP046M;15476216
L1WTEH51MGWREP6D0;11444000
KVCZYBST7YZ5E7WKV;10898961
7XF3XF5KNK41873G7;11657350
BX4PZPUB07SWLPG48;8298036
C840BRGEPK7BWCBZL;14733230
5M3CXEBKR3K832EK0;14576588
CYXVYT3ACFDAS3VFU;10420657
1U2YYALVVSC5FK5V1;17668732
1SLVYU7U5WB2MMBY7;8944371
DHPH3MB0XLT55DL4P;12151364
G4K64DN5PBYLEDY48;15166241
67D7ZBX5DGXZDMWAL;12649676
F8XAKD00V7Z7RL6S6;10646869
4TM8PV0YF424TTSMZ;12323565
5LSECK1UP1CABR0G4;12433443
RA0C7PBEK7ZN2TXG6;9201757
YPCVP0L25TR72XFMB;8806384
SF31PY6KT1M3F8P2R;12927518
SAHM70W2KZPZYKACN;13661746
CYBEHLACVXZ0A5Y0N;12802211
PELTRUK3PC42T5C05;10475198
3VLGA7YRS734VGYNB;11495317
DPWS77UXXX44TS8PX;7871266
TYWZFXBDDRE636ML0;12331772
XWXGTF17VXYF1PWYY;7988198
NEX0CZK1WT7PYFW58;10345767
N8566A4R3F1S2R4HK;16410771
4300G4ARTU13W3Z82;11298074
41C8EGZCGBLH3UM08;9976066
0ZCF37KTXFXSS8D6S;13510643
SFKTLU11PX7F38FXG;10057530
HY18A3M2R3P4GBKB6;9279947
KD0GHURUCPABE2VUX;15459171
RPLAFAB8BXME04PFC;10295462
2B4LXB8Y83SRVHMDD;8343891
1KD2U8DSWHRXBB7A3;10078416
6Y3RMDFECHFF5AK8L;11606807
KH6RH6TPWMVKDFLAP;8286341
172WKKHFUY0XH4ZWG;12138656
H1SEM35ZZU5RP50LC;11440616
1FC5Z3GG1TYPGCD72;7374989
6BTD8PCXNCKEPV18S;13029429
LL84CBL6ACSHCWV2M;12747869
XLK3XMWTCB65XYHG6;5727999
WUAMVVG4RDRTKDSX8;8016929
MFN3CV4U2DNAUFV1W;8259765
XHEGUC5U3SM7L1DTG;6780646
CPS33N2EKALGYW6ZP;5393083
EUX25UMYZMRBPTPHS;10276104
S5DA82NKFK2MD1YVX;10261866
G7GTC6018XWE55RLC;12397265
RLPXP6HDUWECFT3TR;13210762
KA0734BV3WN44LEKW;4837740
VB5YB2E8TBVRP86XW;5089501
HEF88GNR5RVWL46AA;8867242
5FFXK6V48WBL4Y0US;6565913
YFL2K2R3FPZ4YGZZD;11416137
EZRTN6HC4VTCDS4S7;15708138
UZTHB83DR4B40LUBW;6841091
K6GLEKZHCT4BKM1SV;17002487
C2ZZHT602A243Y5UT;13885151
DW61B5S37TLLPMRNB;8848718
NTXBZTNVZF6GN4XA0;10420490
HZU8KYSFCXUSG3YPF;7367242
0FZMULGPZTFAZVS8T;11216967
NKT74325ZSDR00SME;13297990
S6G7T1MPG6H3Z5Z7D;11010268
2M1WUZHYCVWSG2UXP;9687703
AYNLFSFAH7U06SEXW;18256834
TPW2V16CUYYNZPT3A;7571235
4Z7R36R5N17XMEUC6;12603753
XE304WS58Y3C7GB2M;16349406
TND3MA6KST7R2USG2;17105037
17RHKXLL2ULS6Z7CM;14339262
43RTVD4PSMB7PST1L;12732563
RVAWNR1CX11A8FB7Z;7728323
3DFNU5F503ZM3DN02;10761999
5VGAGKY0CNPDER1B2;12621200
H5P4WMP82VXYR6PW5;8539117
FXBCVVS8SBZK8S6DH;20092420
TN1A7Z6WPLS81A2NK;7113881
DFGW8HUD870VMFRT1;16956492
G31KH8DXWB37TMCEG;13521845
U107MNUBEMM0FE2V7;15895862
WLKA4E4X1CXK4T1K6;6824461
AV67A25LTEV7NEVRZ;14027322
E3BWSP08NP46THU8R;14944396
EKHA8KBMGR0MVVFDS;11651765
NG15YXE3Z41T6CFYX;16372419
ZRN4W2RHGYEM257R8;7536844
4VTF8MRKMWPS8PTRU;10421422
REGGPLN8G3KEF8RF7;15093649
668XR12V4N8TLUZ60;14322378
G44ZFB7GP7D8KKGLN;11386084
ZZ5KFTNRUKBGNKW4S;7490378
1SD4EEXUF6EZNGTKN;9141920
GGMLTGF4AXXKBLR8F;9269431
7MRDLBT5KAABPF5RZ;12342649
R8UU3BBZEC8KRLXGH;11052259
XGXHP05FMT1EMLXZE;11599767
N7TH8NLKS0U1E2HP4;5203698
1GD6FHYT6YYAGXK6S;13002707
1ZZNT3V4D5C5BLRWA;13249119
VMB6FGH7D5UW1RM23;10614143
AESRXBTY1RYAD70XW;11917767
LWC8CHSY18A0XZ7HV;14169104
K1XU1A3GF5NL1TGUN;15826361
SDVLTFKRTSPG2EKTM;7109289
H1PDX6US1SL3LSBBH;16178743
2X17AAPKAEBTCGT3U;11433536
NK0MABUEL0HBVC2KP;11270674
RDCM2KVHHNPGXS575;13771218
HGTBK4EELYMNF34C0;14403600
MD3NRDKR87HSYA4HM;15314830
1B6SYAM16213HLFCS;10112788
L47RVZRAF3MCTLRCF;14877445
AKLK634A80FYC400F;7963164
FHWK84UDPLSBS4D26;8689469
X2TMB763UKL37A67V;6357719
0TXV65D6P3W7N22RU;6691405
2XKZKBB2RRAFL4PYT;8313592
CWXKGKW580G118KEW;9984776
PSKLVZKV4SN7SHA41;12945858
3PH41K1ZZ8V524RL0;9420864
B1A81B6R60RHLV3G1;19214378
Y7XRGV2VPACUHFN3P;8824053
5NVB1UXRUFLYS322H;8341732
BEPYCUM3E1KHLX6BV;10219291
CE1CUUEDSU4G64ZKY;9459706
2L6HS6FM0SR6GTLDX;8100237
CVCKAAPPLDX378DBC;12467339
06VVCM1V68S0245GW;12707712
1BXAHCEFLSLE2HRXE;18312656
BU4ALWRPZ572A2831;5813860
VA4MGV1BU10YKVN2H;13961661
32RAKPYL06YCP325N;15591946
DK1Y5W27RHU7MZ7S2;11492297
44M1S2FA1W4D784TA;7576820
L33THTETC3VAH3E2K;6407180
57HS8LWYD7DXS3RRB;8924633
2WYEKMVEVGBLXU7ZS;7526310
82ZFBAMCH6WAWT8FM;10690193
D6HC2ZZNFPALEH47S;7951430
BGDMHZXF6B144L71G;15582614
APPATMKBUHS6YE4PA;9076790
MDZB2BX1SYD3AZ3HE;10007162
5KMLU38WDL8KX1KYD;19308169
1N3VE1MV4XZN8M5HU;9127035
Z3BTYXCZCU51L5B88;11777574
GKA1FX0A7GVDMTNB4;14283500
3NYNTPV72A3KS6TYE;12722158
MCMPUZ8A76HST47HB;11286755
G035F8M28VV8WLVAG;4206473
RP58V5HLY7MNFY4XY;11659161
MTFYUANE6FGRTREEC;7502104
XP1ZMR638TXKH4NPH;13136835
UAM20DKPBMTSWY385;15733066
7PL0Y7TPPAKNT0HAC;15793875
X5RARR524LEHCV3RP;12048229
1P4EVW4YH5F03085X;9037226
HKG2R1XH35WD4MWXK;9164910
FP3GANRBSLYP4URP2;9623358
22M1RKYSENZRGNL5A;8314446
T05D7ZMUPV6LAVELV;13802345
36HVNSG3AK1HNDWYR;5916496
DN5BZ4FD2D5DZDUN6;10974538
EVMFHGEZ4LU0UCHPN;16823480
066FZSH532SDTXBBY;13407366
YB460GZ22KWZZA64Z;13987491
LS8KLG13SR0XPXVHS;9766794
HPKX2PUL6RDUHRRES;12314107
7WAE21TSCTWYSDKXF;13158544
3A5G17XX88BXHZZ7Y;12704099
UN6VLCDLBE2DDVB4T;11660205
XNWMCLTP0KC5DP270;7469687
BNYNUX7ZPFGNV10XY;13764518
4PBSPNGY7YT76GGVR;10963440
SUZ0XVN8KXSBU8PSD;17054920
SA7X3WGPS4V6TRR1C;17626654
DUA1PH3D00B8PPPN2;9041821
R4W4GEFRT80YRPAN2;9722302
ER68S6PLBNKHWCBUT;4899583
F680MEE0GLGV08ZVX;14097521
YW5KE0L6TNA421VYX;10639747
8TLGKD6F67TTKDVU1;8927196
6WHK75YAPX2G2A4A6;14072576
KS32W7ALVKDUVTF8C;12569494
VNF7EKX748VSU8XBW;12815980
F2RFWKXE558RAH7P8;5039693
47WDFBYD4NXNTU1CL;8492050
M3Z2DCUU0XSECR32X;6446055
8R7630VAY3NP8MR77;11454460
DRVENR0E2KRK7P25G;13393681
GRS1NY5WVSSCU36SD;13554967
3RX1DPCUZBKDTY112;7865942
LAE6HFCSWTSXLNUA4;9292396
G4MAKFT6YY1BDES8X;10239554
DX0NGUGZRPBMXU10C;11074224
7MDFZXDZBWK10P3K5;9462285
TWG78GWMU3MPFVW8L;11184745
H1FNXLB15UV1H7WDF;14267962
RST3AA0GHMCABXXKX;6548374
NF6ZAAKGKMEHLWV5N;15290549
YP14WTLN5A6X7BBUL;10646144
UGYW62FESC54F7BFW;11812433
8GDA0U165W4X0H1KV;17908207
8MWVY8MVNGYDZVLGP;11650777
DFUD5ZPX5PSRKPGBG;16337642
DC1NHUMVTRR6SERG6;14748620
4FULWZ8M8RYCUDA0F;16679346
E3L84P1TDNS0T71EN;10986020
4FVS2RUC1MLYR8DGC;11603930
N51PN5ASFM6D4421U;13218890
TWAY0KHYLBNMPUPGK;9356319
TNACFR42EUS45G2YM;6011830
P8PYPZFZ34SE1D4ZF;6127638
TURYYUV3NE4DTHBNG;8582326
83NKYVLF3KLP62YPU;10064962
YPE8HWRFZKH2HNEAX;12729849
8PTN8EBFHPNFKXCXF;9446679
T6HRWDZXE0RDEW6RG;10383872
FBWV81SUXSRE5FKK8;12017616
6TZUS5033775DBUU2;16996580
H5AX2VRC2G3E70SYC;12083361
K00D1LH4S5EBZT4UX;8268928
MCU14KNXZMKVRKVDX;10789227
76ZL0E877M6M7RY1S;11724947
SBX7XNUPGS1HHDR7B;15436835
2YUN77FHPDTNCYBEF;7211049
RC76CG25CU1D607K7;12899861
0HH473U8E2RKHHLKS;13474236
32L11LRH6AZWCTRTP;17269718
U037LSAHDALV64AX0;15519026
PCN3M60520NTVE5BX;7332776
P6Y7GAFK7XR07G7G5;12959399
F72R2ZMYTKLKTA4X1;21459057
UGCUDVB1EK784FXRK;16323768
LEXXX3EPT08E5CGRT;14028705
V3PL7ZM80CGF106TX;13136541
A8P6HVAWXMTKYV161;12199886
SGVY7C2GXXUHK8NW6;11304265
SHY4YLZFMPDF8WBWX;14335212
PECW4NT6ZMXWCXYCM;11564960
VYNVMNSW42MW5H30B;14383856
KWFNES5TXN8G7H66X;12027484
D2S3G3M1H5D78VCLW;12011478
7AAMURMH653T3HFS0;5053327
2KD871GMT31UXSZN0;9640787
HKKWV4ADMPSNTT7X1;10858833
T2MHP848KD5NVBK5H;7687446
SRSHESTH6XN7VAFTT;13688506
FCX3V5SGRMABBDA06;10638271
TNC1NT2WB0D50NT80;14890710
3TCANY2AYKBF2WY67;8609164
A246LPPNTF0KL6FRZ;14283928
Y23S2P01KX0VYTS47;11743927
6EC27VVP6H7DV4LR2;14489200
HDMT6ZA2ZP1GAEE7T;10342150
7LCPS0Y2BBM0YXCTY;12698975
1UBVK27LUACF0RMSM;10278006
3HX075EZSFPZVWSWS;10842888
UKDTLM5SMGFHHGECH;15474766
LWBX2742WSZ6SMEN4;14680015
MMMH8LY4PZDP3F1EC;10599378
4BEY8L51S7ZYFHWFV;18444303
A1HGFEA2D8Y6GEP2K;12507711
G45WG5XHWUTE6UPW5;17003193
GEMASWLR1Y701D48L;11761027
HHH3UARXFHB1AC0MP;9747083
0S7HRAA0MRGKGN40H;9357061
CYVMRY6ZD7M5EHRGV;16916331
UWKHWN1VHG1KSGMBL;10248401
ZMXG45PBXHC5BN4F5;8912257
41BPTV4BTVHP5N57G;7235889
UDPFTWBYYN3SLL8RN;10967387
6K45VB31ZSRL43FBW;13155848
RSA6U6GVPPLNLNAZ1;10570002
2P8LTGM3Z0UU5UBHL;13581977
D0GXZ4A2X4ANBFY3M;11747412
0HSKK2LSP0XU0PK66;12254454
YZRRV61X1WA3L3WNC;18605960
UDSAMS1ZH1E62YZGT;13784949
88SN11UG7WX8ELMKV;14365574
FFU5F30WL3P78MSGX;15853792
EFMXRNTM5LKSRU8M3;7220146
TKRH4NF8WMH5AVH5L;12177192
HF114RL02VKEPE1AX;15381960
737ULWNWTF618CAP3;14291091
VSP6SK66MGU4DYSCP;16223762
3GT61XBSVMSPGWCWL;16216493
HAT7F6P0HPCG25XK3;13508259
7B1F7CL5041TB81C3;8382536
AH7KHAMKDNC0BM570;13902340
KFFVR6EGPPYBLH8Y3;14932538
VKNF2PLGDX1V3X50M;7480992
HRL116TAG5D8T3SSB;9658001
CEEPT5NKVKTCPZK5P;15632776
1SP1VZVC8SZEC2U5W;10045501
LKWP5C7ACC4VEDUPR;15355757
M24E4C1HTALBEN2NM;12574333
C6T7YFWVY8TYPRSU7;8617147
HLZS6DXBYYT05NXV6;11824350
EYDZ5ATZGGUYFK54B;19941921
DNLTLDANN7K6WL24D;9018579
XPLNBAGL5CFLRYGPY;10212516
0FB7PXEUYU874NNCK;13331090
DDMGMYPMC7GYBRB6E;11289158
B10VVRY176LA8YTXY;13776028
E1E3ZDCLFGTGLYMR1;10265072
45FALHB381ZKTFSRG;12331706
RGULA6Z3HDD57AN7Y;12914614
PXA60P2TYGA2U3F3N;11587531
H2EUTW5Z2YHE3BG5Y;16981900
F4CU6M5PS0T1XCBYU;6030539
W44Z4HCP4EKAPN5LC;14273564
2LFAM5DZCKZYXTG74;12005311
2USLCNNY1XHU31DVF;18613472
B0WGFYGYMR6231GS3;11136456
PND5LRW82AFCMXC71;15177345
14ZCDE3VZEXA2VAFA;9326103
XLTP1X5DVNANW3N16;15738552
1433ZSGXRZA5TMXVN;12674410
Z6TV70HXG643PLF3R;9836751
XLFE5NERYESYTSAXR;8741634
HTCNVLWLA4R88L8BC;6394295
YA6MFFKEDF5BVU3BA;12943896
6AY4KA5ZTTZLSL1MZ;15770683
WA6KSW530CEW18S3T;6790843
U35RXWH2W4PFU0SNZ;11459005
A7R7VBWE7K8UGL688;13834422
Y3LSVYBNTTVDDDWTE;10317263
A5Z7D1ELCVNYBANFV;15871154
0YTP7WMASV88WA6CM;10892877
F6GYK3UH6403UBWYZ;12371503
BVZ02EG5UW33DYFPN;9162063
WKH7526EP70TTM8UK;13238049
FM4TW6NTL1X3ZMHD2;13351710
FKNKLW2653BCKCVRK;12844310
1H7TLY0WBFXXFC2EZ;13219236
321ZWTUNUND1S6E81;9653453
HCKG02387NSC20L2N;13098334
T2KHGK7Y6KEVS0VEA;10351492
1RNWG2HK5K4WUCA4F;10606498
S7Z2APXKZVRRP61XS;12698014
NSFMW1E2PSK66KFVB;13089083
18R3E8PXW6X00RURE;13448717
XCBB7NFMUX08X2TGY;9269726
ESTAD0KYB32458GV5;10882152
M44KKCNT4H0NPR4WA;12541725
LSA7TTDWE404310YZ;10306135
S5CMY0XY4ZSXY3RPD;10389395
B17KZ20UNA3Z5BYT5;18770246
KKWCNRLA4UPXX5MYB;10809278
5FDUAN4VVCX67PRK8;11699937
YD36MU006WV2CED2W;12391917
HSFB8NCY835WKYRXS;5448585
RMXRRPWA0NG850X48;13345301
BHWNCF80C2WTVLGT5;9720460
18VP3WW3BCLUE86PM;9323459
STDLNM54SPLAAPYAU;10489760
45W7M4KK6T2UV4CBX;6886202
ASL75WWHKDZ48E8V5;7377713
PDHX6FC8P3ZEWMAT6;13043769
LV54NR386WAZZC23C;6458879
ZNPWD0S63FL2H8LTF;7353702
5FW36DG5VXDL4RXAK;12294382
NHCX4H2H1WEEMBUYZ;7448341
BV02D4R8CTM1RVW18;8264964
Y2GN3F1VM3KP0CG42;10002587
N0K01V7BX62R4M711;6296807
BMF7XAN8ZX7P2CNV4;7236561
NMMH12HAP10VBH253;13418077
CKVA27WMS5R58GUTY;10484388
E6M5ALYBMNKMFT8HE;18721300
616H1YDWU6BUC0LK1;14155924
XVN8VR47BNRGCG5TW;13778365
K6DZ02L4VAH13E3N1;12562929
PDW582E2D7B41KCCG;9677822
V0YC2K7GD84BFWEGV;7932212
E85GVXSB7MXUU5WSA;14567064
NCCE3CLLAG8W88CHM;14814666
NX5BAKLKK3AMPEM1H;14273424
RPGYDB0H78APX54TS;11134769
VR7ZKWWH857AME8K8;15058510
F5PPYCET88RNSXHDH;11061752
P7G4EUD8DMUGYWCLE;11495498
2NP85H20YCHEMAM8F;14860798
RNLZKBNZ266ZWP3TC;12411792
78SZTLLX4V4NHPAA5;8069280
44N4W58TPXNNXAW4U;5917795
T5XKNPZRKC0X7DUNR;12735596
5PRKUPFFKFRFH5TPK;18204596
LFL6UE2BRK08Y7A7V;7542499
5N1PNSHMUKUGX56X8;13329816
STF3Y5Y7YHVX724VA;8454309
FKNGPVVBEKFSURHKF;14734085
E3B1HSL18ZWEP56H1;14818881
DRFHUC43LKNVS6MA3;5528893
PBD2ZVBFW25VAR4H4;16177670
XRVM303PGGSY3BTR3;17425458
ABM8VL8S3C026TFHB;16984419
HGDE4W44TF2YCNW54;8246187
3L1HKAL01LURD1SF3;14178425
XKG21RKAC1ZT0VKKX;9144316
WZKE7EU3V3N1P2K4X;13405868
P12TMNL3NV30UKZ7E;14664535
43RVDBCL42BXKFGZ1;13118937
T1BLA1P1M36HLDT6X;9029705
Y3MEVXBA3AW5Z00AK;6338941
XMSXSP6GK07FXVZ1W;8209427
HUYE5YZK6BMTK174D;7538478
CLAF4AW4EESLBZANZ;12664191
XLKTFAFG6LC7TH75A;9789247
SLL406V4NKRPR7YCS;10120357
MLPFHETHRMG02XNKV;10337019
5XMKU6NDVSC04LG7P;12552748
SY7BF7KG2118HUU2V;6019657
ER4MHLK0SP8T0FWX8;8505854
26CA2MWSKW71G2VZN;10850029
7F16WV2MHK2ANHAWB;14042375
VMLBPLSHCC1EEN31S;10690064
XVGSZLR28NFM578UB;12872321
2FY02Z5C3ULKREK06;14111455
K5X7EBFWCYFCB0156;10547670
EPUB3LGSWTUAHYCHD;8605622
CSU1BCEL7G0DXBD1B;5145462
F25BV4ZW52GHBXRBN;6411847
RN1XUWGUZKY7H74WX;12685322
S5XY03EN3SXGFLF3Z;17091762
MLKZZ3T882RFD0VC7;4007775
2BXELGS16YUBYA8C1;12039736
CWK5552LLT2Z7CGFM;16265619
EUV0U4LUGWUZ1VHP8;14775251
K0KZG86FE11GC31Z1;13441575
H7RTXN7R63VUN8CT1;12020035
182D3DRT00WACSWT6;10199122
DBUL5LCA3SDKL7AXM;10050206
GLCSWPFY0TRF2PF8M;9279131
D6768RXX6NNHK7EAX;15774564
ENHSEH6Z20S3XFB14;14341607
NHRVWN3WK6SWH81TL;17095477
27B47DWVNH8TPH4TM;15106367
1CELXCNVT6B6MLPDN;10058875
VUWA5UG7PLPZF8Y2M;7269937
NWRU1EE5UX28345D1;7739370
VXPW83L6ASNP61GP0;16244139
F3A1CDVRL3CX7BA0H;8538576
136T1MFLU7RUERRAC;7838295
R7E5K8K50H4W8XBM4;7694660
EBM1C1E66APLNV43G;6729228
CFP3BVKWPW3P7S2TM;13868404
UAUD8785CL8E7S3GD;6458165
22BWD1T8MWUD0A5PY;12616053
TW32EZTC4H6SGW6N8;5710124
04GB6TPAKAB3G11B1;11963511
YDMD6CDVT8VD8R45R;13206685
A7ZXPCSY1PBM011VW;12656428
NANBX6XGW01RAY4PX;13190667
BKKRX7T82YPMPXDXN;7108303
GF6Y0NYTBF21CMYN2;13814966
GBVVHPD2PSPXK74BZ;11847005
KAZUS0Z3GSUGV5DKE;9643844
PRG2EZNLW55MN7BN7;11926172
MCS8U602XS8CCML21;13171726
4N5818PBSVCYZDT1X;8455379
KYEY5Y0NZYAG1AGLW;16678133
YX81TKAE8MH4K13HF;8488696
UED3RRKS6X4WNRUGF;14766525
NTVM80VAHDYXBGZY2;13690042
7XKYF4GM4XR6PVDV4;7739952
R5TFA7XTUDPF8H20G;13547394
WHXD26D7BX064RH23;14701461
0ZD200UBC2VFE3R2V;13286480
2XNWR5ZB5KAGT5HS7;10819655
VN1GHUHNW753SE3C4;7805516
F2HFFNUUD3WM2X2X3;9690173
41LAAS566FBNL76ME;14250996
ZEGY2E30DR1NF5GX6;12197443
P4347873YUPYREL5H;11378266
3Y7MP0FEE7A1FUYU6;8461927
78BDBU8WMU2RV613L;14529424
ATLX7VANK18L5T75Y;17164947
WMDD5C25UAT0FEKZ0;12934217
RY01HT8KTZ7CEAA35;11600370
W3LFXTETG2BDZ5KCT;15739998
SMUE18DRCC3XKCXL5;12451452
G2N66NBNUULVHVWF1;9213833
AYA6RG75U85N1L0A2;6780329
035UWV0EVFRY7S120;16775901
SVTX2ALXHECWVPRV3;5708115
MWTADDU62LEDYM40W;8997068
C2X85DBZL41YLDK2N;13461907
E32NVP44774N6HHHR;10187933
VVY1UV75CUTZDWG2V;9230723
LN6V0RTZ2UGK5RWS1;12579153
F8ZYW5GT47CUNSB7T;7711126
2MDEEFMDYELC4B0VF;7126127
08MVCBH64XP3XAKCN;11946348
Y81RT62UUUH5NXMHP;15194973
DZA0UDEYFC18YW44K;6124413
CL2HV8UAGA2V6CS8D;15655328
XXK45E56VVC3L363C;7298470
CTH2HMTRS7B2VT4FY;7800427
BBEDP8GCARMRM5N5N;10057891
5VA54KPKV3TKT67KW;8428925
5A07UBTTVFZ1XG5HU;12833865
6NVCX1A14DVTCGEDA;9960076
EYB05LV5SC5DDG1AZ;14676500
EL35VT2V8ADLC4RG3;15641638
4RAHYWTRN423VV2PN;12618603
8GZE6T6UA5HNDGED3;12300116
8W5KXVWM44W3MA72Z;8755215
CMN55S05V16W47MPF;12347541
ZRYUAE2UWWX5L8UH3;12168040
DRXLZXBG4BZA6ZE3S;8389799
8FPB7RNZV24HZ6U1A;14818372
HPPBY53K2YNMLCG5D;9796889
TAU7VEUFK4XCULS8B;15525942
U24XNM35XN6EEYSHG;10324568
N6XSBMGPRP2SPFHUR;12464955
85X43S0ZA2GK218UV;8633992
YFXVZ0TVM28D1YLH4;13011072
F5CCMTY1PTEXMFZE4;13532430
XNTC62NK3NDYARFR8;12320901
6M6ED43BTT1W7Z5BX;6672345
CU6LHDBN68YZNNXHB;12690004
AW4U8SPC0Y7E6803N;12997455
GTG7C6KBCB1NRFVMS;7860343
8S6A0GHAEDYYZGBY1;15071608
M52473MB32S0RWF3P;14253882
BEV2SCAKAHHUG7CXK;15632130
8UZBCBCW0ZENSYD0D;8284241
88S37MLT7S34LC8GU;8716663
PFLL0YTBRRW5TVCYF;15839677
DK82436HX6PYXU6SL;13397884
W1X1C5UHT2M6PEKAH;4608641
H8DTLH5TULKRY3E7K;21137077
UMS4XZ8TB0M7YNDKD;14955249
ZTPBGYDYE7NLE7AMR;12660879
0GDDNM82US0UKKCMK;10956227
BCWLGA7E6L8NBSALF;11916278
XRT25YEAX6YBMES6X;11138487
2DSGX4F7B7CLHRUMZ;13220873
Y16LW2TKGCSPXWE3H;7885464
DGAAWUEGNV42BNVWT;6568999
BAMKSZ5G6KZ21KC55;10169883
V5MNZ5FWDBY28HGLA;6006144
A8L6FELARPV3RMNS3;14347780
FLH1S5L22P7ZERGTX;6716736
8Y8E0L08YWB1ZYWC0;9278404
DF52MGSPUAVD5UD2S;15668794
LVYABCLMWLFXL771P;11998159
G1K545VPE0YC36XYZ;12645103
ND041FWV582BU6MCR;12016649
C2LXA323D3DXB0BYK;18485022
NV7EYRVLBKFV0GCVS;15383319
ES8XAMUYEB76DDYNP;13206673
WBVTXH5KTZ6ZK157L;11067437
BAE07M5R5H2C4V30D;13580104
18GS0TBWECUFWTSPB;15766767
C146FB27YXAN3MBSG;11963486
YUYEFHRUXY1E7ZKS1;11577301
6GP4L74MCEBVW3S8V;12444623
S0L8WUYPRCDZDL336;8339206
VC77ZPG2XXZ06Z4AY;15721336
C5F8CUYA37NLTH23Y;7595991
G2NEL43NSAL8STWYD;13719067
0R8TH7UGKCLFWCE75;9713975
Y50ASVUSRP3RS7411;21396735
PCUSKCPSP5VVKBEVE;6055980
GHNW1NR424W2W7WN2;9650601
0V0PG3TMRXR4MTD1C;17046670
5SGUKUAB2H6033RUU;6259391
SLUBM3LX7RXBHG0RV;7513222
BCFCHS8VFWX7XR3PL;14005422
DMA01BRPHU6FD1LCD;9650265
7SDEEAEUUHAC7HH2W;13133188
VXCYDTKM0WFT8S4LR;10862341
56GM4F78R42HBG3D3;8452375
GNRBT0AXM02D5KLUH;15812775
FZTDHY00TC6B8DXTG;12289498
66ZUS52FS7YA5XPA3;9319802
TX6CBKBDDKGAHF1WV;12627623
N38ZBNAGT0CBGUNVR;7099926
G7DYDPHB8WXTCN4XT;10622920
AMTR4FBVV34S2NU5F;13671488
BT6LE3NH01X7XPBY8;10457656
G5AHAPSBLVZBMVCSZ;7912205
LWDC1XR8DHEHGZ5XW;11185399
PYSSHDS32CCSEZVP0;10727636
A0GGF4UY8M44B4W11;9659670
ZLTMR3XV6C3GSTW3B;16683781
ENLVGB616BSDS2NCL;7806602
VPF8ALT0P7EE646WD;9979898
ZY51E3NHB277E1XVG;15360552
WPADT5EB3NRCKX6NA;9139884
3CD7AS08RYHBK0H1Z;12437143
263TKYFDW4ZVP7EUE;10962372
R4XXRC67V06C5D65B;14147564
4EV2CAETU6GZLTTD0;10359758
SHX5GNA2MCPGAE68X;16890367
VV1HTK0M8SS6HNEZF;10484754
7XRYFU1TP8ZY7YY5K;12618389
G0AWLL45T30WK8XHH;16936235
YY5S2ZN6USVZAC00A;15767341
P01ZCDF7T3BFUZ2K2;13404892
6RPHKVPUHPVG8Z76X;11950472
4T0GE44F3G4TRGVX7;14667149
W1VLL18G14YLT6GDY;10804733
2GS06FBWW2XAE6TUP;19299970
G6RVG445GR00X73UE;16598375
BBL2C0EXR48CU8YB4;8180121
ZTY8RW7XL5C1FSM0R;7043453
KYEPPS2Y570AM64G8;8937416
WF728S5N6W6NZVT6R;8965944
7KVU0GY7VSYKC8C20;14458708
WF26NW3FZ1E362N2W;9508322
5U6N24LV6030GZ4G8;13465248
GN0KYF1CCSEXR1M2Z;14342754
FU8FACFEU7P56PHVW;10549765
2NBFE17ZXY7HAWWWT;13842992
2YRKR5LC58XW0W8SS;18491707
6F1F7YSFV0Y4KXS2F;11620443
MUCUEM1S8367AGCPG;14760385
6X2M6XCKU308H7F00;7786514
TRRW2U7NSAHE4LS6H;13652907
HK6YMV5DV0WZS5VP7;17228987
7UFUY7DZKYS3FT4BS;10278338
BY1M0P5S577GA28RW;8062253
SHT4WDPTLYL2LWAGC;13563478
8KMM4WNBA1C4SR3SF;8689059
SPC61D54AYM8Y84XD;9899228
XWLRTTBRCRL0S5VS5;18218799
SHMWR2WLREWZGC8P6;11028462
NNK2DVW56ECVGE4N3;16942088
PT02WMYRLXMR8TBGF;10219234
3SHUGMEUCF8AA8CBY;13911007
B4WCA53PH2MPX1KW3;10543248
1DHMBKF4E22YL3EZ6;9953324
F5ZF5XUNLG7Y4AKLF;11654682
NNHV62SPA6HNDUNLS;11819559
PBWVG1ARAEWCEY33R;8557759
AR3UE0ZCNFP37DHM3;5305725
2688P6SA6CWKMK8BE;13494342
ZN0P407GB7XAPGB1P;13422131
B4AZMC034PT07VS56;9810700
VFPLDK2HVXB73EGH6;14110855
24ZGC6N62D5DBZ5P8;8228008
CGEZBD4AFEAY7R6TY;6951204
MFSPXFE42PC84BH0F;9053509
NGBBM88DFMZRC7U2Z;8547213
UAFVAGME8HZ5XEMXT;15239769
DK1AS5PC2ME4D51TS;11075476
5TE2CGA71GUX1CARY;11583262
58KR3ZZ56WX4UFV04;14267146
ZFA0TXE8V54NP0RA3;7675158
5AA5RYMNGL7E15ZGN;11258738
EHN4HKDMKZSFSA73T;14653047
CV54TXKHU52R8KFU4;11411215
C87SBC4YA6HV34ET2;11015060
V4G03R8PMHUHTSEFL;16120067
W1LPZ4H0EGPEVL1BF;6322967
5NWYGFBEBUL22A5RV;9207911
3PLFCT34336E13YXR;16306529
D4WVDLA01CLE1V7X4;7380083
4F26X2U4UXKMLBGLC;11244148
BK0V2K6VVYMMU88A4;8154988
PM1MUWC1T6ANT8X1V;7161137
RRFSL1XZNEZX8NEKC;17494110
606GMHEH0FAPKYARM;11719870
8BCPYP657NPVGFFAU;10163526
00DEXWF1CKLG0CM2M;10255032
GP8WK342CPHRTAR6R;11491299
GVD65FPYU04S1AA62;12985541
EKVDD7KBT56S22PPL;14942156
KRP001S86FBHPE42K;17312106
HPENZMV615MF23DK3;11408886
S7DFVNX74RWRR8EYC;14301655
1P8KWPPLNNAZV5WLF;7862144
54G57SX3A3ZNLCPA3;12529210
HYZ2NXVVE5UNMSZ4G;14395145
AY2YXPNNYV0ZMV2LE;11852945
U55W4F5FGG8F2DR5H;8902802
WHML7LP2B87GCA1CW;12233854
RB5EXGUL67NGRGRRW;13316526
RLV3TE5Y7XL73521Y;8689362
7AD3EWPCUNATA1706;7848968
PGGKSX6DMD7KLEKAM;13810248
ME7M5SKNK8PFRGR16;8680267
24TY56MZFZ54S33DE;8662514
5N034K4CNUH2VUEDW;13318549
VZDH5Z4863FTVG5L3;17109655
154VBUTK8AMNXB54V;12530499
PN6B4YS1K5F7V2083;8737562
6XPHEUP7LAN6SLW0L;15461396
GL4CLR1F4MLR1T4D6;5692644
YP6MSD0NF46DVDP2E;7115245
4MES3TWR1YK0HZ4ZU;16231677
LHVDHKZYN666L6DDV;7420663
Y2AUY30H7W80H2MXV;9380445
0AP60AZT4SPL7YKDZ;9243227
W7NTZPHKNPNMNE5MR;16389139
Z530G7UGZYA3NZN6V;14166569
CU2GS7GZY7SY33BMC;10031621
1441X5CKS3V1EL28V;14465662
RUDSLX4ET23E3LD2G;10231643
2WGZR8Y6UXDNRY3M7;9064230
KSP74KA08YFLFNSFA;11647469
FMMPKV0WXDFSUUH1W;11134523
MZREBNW4VFHLYZR2R;9696030
DL0HE314K2BF2WC07;12925645
V3R1YEHKH37P0SMKU;9076658
FRXUR258KU7YREYEH;12136202
ES426E4K7B3T58GZB;17809583
VNU7HR8AVC6SYXSDB;12053666
FGASGBWW3TLU7YUXW;8030713
PLASCDRE5HPGVZ8FM;11895594
4HCKCZCKE4RB84FWE;15968377
F5GLBZ0MML5X34458;10673581
KCLP6RFRTA4YU0ZBG;13360766
RYUWM2XTSLMFUSBCZ;14305164
E43M5HKSVN80HM7YX;15036958
PN7WM5FDZRX7L7PCC;11087564
AWZ5X32F62SHKYHEA;14308690
SGYZ46DF43EXNSD4F;8313094
L80VBSPNNF0NGDBMZ;7689553
1GLM01X3ZZE1N2WHP;5736882
FVM65T0V5GUAF8GYM;14730194
H0SE46ZWPZ8SSBWMF;12226959
NCPSBNELM648S4KVP;12619165
FN8Y41A64S6DTL27Z;12521368
2CDXNTW1WHNYHP6HL;14588632
ZFRX3YMLW32V58DMC;17529505
AR2L4CM46XCYYGVFG;13030312
B1DM8WEVBRTVFZ130;11899943
S6HL6F441EVL735T1;9172320
8KZ8683PZHSEPNR42;12924959
ER4S6XSY1ZTU6A3XX;12327713
5VYZ4DZ23UKP504EV;14520841
P226NZFMU5PH0A5B7;10461685
6FTC1SZPV20LVE555;5655275
YR4Y8EVLFMFL6RUBC;10786187
V42MYZGY14WMVFHAU;10062240
T6K4RECLB3V0Y8T0D;15984611
G8CWAZB2FG08FW7FZ;10146526
HM6ZNN4C5RH6ASHUG;8247787
BYW634LWET6Y8T7ZB;9532071
TGBSBKUYF4THUW6YT;19889368
7VCT0Z2M8X6DP3UR1;14763232
B250536Z32E21PDE7;8865908
HGXEKCTKFZ7XA6D2G;12673511
C8S03ZHR28LTAEK1X;10141807
GRTCW42T68E4YLHBT;8107741
NLRHKRPLF4WBNKEHB;8880875
Z5EGNS46U64NCC8MS;17683124
751MKNHGVBY23C276;9474635
D63L42K22XGRU4F0K;10645013
7UUXKYAV5ZULDLHB7;12792392
MFGKNVS0V7VTWL04H;14471348
MN1ELM05RT4RD6P14;8363879
RDRUUW6PBS8542KN8;10064337
7EX4YYLE8XPNE1P1D;18724997
0S4LD3GBN0L0GWMXX;11940551
ZNWN15TEXB3P52SYW;17691995
Z686HDYLF24SABD5D;13577799
S71EBMV3CBKVSFZZU;12955239
FAZEYG534Z6XR7HB1;14151271
YE6B33FTNSB15ELYE;9234975
2ALLTAT4M6G654S0X;5175530
MZE1VCTMBS86VE074;12907080
PAEKKDT4FL2LCRP3W;19261681
GNW4SLL76XL24NVLM;14716615
ZL1KUPWGN68XT863B;9144879
7Y4YHK3USLN52534Z;8820483
C47B42WCSK36YZRRV;11683052
67LHSPRM5808NEMMK;12917953
8MYP4UEYTE2UY845E;8918772
M3E2EPDA5W1D06EFR;13393334
4BFTTX5HVYZ6CSBHH;8270748
DG6UVN75KDYKGFMUW;9680298
UPLU8WRE4ZLH4ETZV;12688656
K3W15GKSX42Z18EVD;8643214
TLA3D4XLUVRSEKBTR;8871351
S7AHKGPEGM4NCWCWH;10812627
G52WPALSYMVRMLA5V;14240690
